01;0000;0;Основные средства;Основные средства
01;0110;110;Основные средства;Основные средства
01;0111;111;Здания;Здания
01;0112;112;Сооружения;Сооружения
01;0113;113;Передаточные устройства;Передаточные устройства
01;0115;115;Транспортные средства;Транспортные средства
01;0121;121;Рабочие машины;Рабочие машины
01;0122;122;Силовое оборудование;Силовое оборудование
01;0123;123;Приборы;Приборы
01;0124;124;Вычислительная техника и оргтехника;Вычислительная техника и оргтехника
01;0125;125;Производственный инструмент;Производственный инструмент
01;0126;126;Прочие спецмашины, специнструмент.;Прочие спецмашины, специнструмент.
01;0127;127;Производственная оснастка;Производственная оснастка
01;0131;131;Производственный инвентарь;Производственный инвентарь
01;0132;132;Хозяйственный инвентарь;Хозяйственный инвентарь
01;0133;133;Мебель;Мебель
01;0140;140;Библиотечный фонд;Библиотечный фонд
01;0150;150;ехники;ехники
01;0160;160;Земельные участки;Земельные участки
01;0170;170;Объекты ОС, переданные во временное пользование;Объекты ОС, переданные во временное пользование
02;0000;0;Амортизация  основных средств;Амортизация  основных средств
02;0210;210;Амортизация основных средств;Амортизация основных средств
02;0220;220;Амортизация объектов ОС, переданных во временное пользование;Амортизация объектов ОС, переданных во временное пользование
03;0000;0;Доходные вложения в материальные ценности;Доходные вложения в материальные ценности
03;0310;310;Доходные вложения в материальные ценности;Доходные вложения в материальные ценности
04;0000;0;Нематериальные активы;Нематериальные активы
04;0410;410;Нематериальные активы;Нематериальные активы
04;0411;411;Программные продукты;Программные продукты
04;0412;412;Интеллектуальная собственность, созданная на предприятии;Интеллектуальная собственность, созданная на предприятии
04;0420;420;Расходы  на  научно-исследовательские, опытно-конструкторски;Расходы  на  научно-исследовательские, опытно-конструкторские и технологические работы
05;0000;0;Амортизация нематериальных активов;Амортизация нематериальных активов
05;0510;510;Амортизация нематериальных активов;Амортизация нематериальных активов
05;0511;511;Амортизация нематериальных активов;Амортизация нематериальных активов
05;0512;512;Амортизация интеллектуальной собственности, созданной на пре;Амортизация интеллектуальной собственности, созданной на предприятии
07;0000;0;Оборудование к установке;Оборудование к установке
07;0710;710;Оборудование к установке отечественное;Оборудование к установке отечественное
07;0720;720;Оборудование к установке импортное;Оборудование к установке импортное
08;0000;0;Вложения во внеоборотные активы;Вложения во внеоборотные активы
08;0810;810;Приобретение земельных участков;Приобретение земельных участков
08;0820;820;Вложения во внеоборотные активы;Вложения во внеоборотные активы
08;0830;830;Модернизация и реконструкция объектов ОС;Модернизация и реконструкция объектов ОС
08;0831;831;Незавершенное строительство объектов недвижимости;Незавершенное строительство объектов недвижимости
08;0832;832;незавершенные операции по модернизации объектов ОС, кроме зд;незавершенные операции по модернизации объектов ОС, кроме зданий и сооружений
08;0840;840;Строительство и приобретение отдельных объектов ОС;Строительство и приобретение отдельных объектов ОС
08;0841;841;Приобретение объектов ОС (на складах);Приобретение объектов ОС (на складах)
08;0842;842;Незаконченные операции приобретения объектов основных средст;Незаконченные операции приобретения объектов основных средств
08;0850;850;Приобретение нематериальных активов;Приобретение нематериальных активов
08;0880;880;Выполнение научно-исследовательских, опытно-конструкторских;Выполнение научно-исследовательских, опытно-конструкторских и технологических работ
08;0881;881;Расходы по теме «Кондор» (в рамках долевого финанс;Расходы по теме «Кондор» (в рамках долевого финанс
08;0882;882;Расходы по инновационным НИОКР;Расходы по инновационным НИОКР
08;0883;883;Проценты по инвестиционным кредитам (тема Кондор);Проценты по инвестиционным кредитам (тема Кондор)
08;0884;884;Вложения во внеоборотные активы;Вложения во внеоборотные активы
08;0833;833;Незавершенные операции по модернизации и реконструкции здани;Незавершенные операции по модернизации и реконструкции зданий и сооружений
08;0844;844;Создание новых объектов ОС;Создание новых объектов ОС
08;0835;835;Модернизация и реконструкция зданий и сооружений;Модернизация и реконструкция зданий и сооружений
08;0834;834;Модернизация объектов ОС, кроме зданий и сооружений;Модернизация объектов ОС, кроме зданий и сооружений
08;0843;843;Строительство новых зданий и сооружений;Строительство новых зданий и сооружений
08;0845;845;Незавершенное строительство новых зданий и сооружений;Незавершенное строительство новых зданий и сооружений
09;0000;0;Отложенные налоговые активы;Отложенные налоговые активы
09;0910;910;Отложенные налоговые активы;Отложенные налоговые активы
10;0000;0;Материалы;Материалы
10;1010;1010;Сырье и материалы;Сырье и материалы
10;1011;1011;Канцелярские товары, приобретенные за наличный расчет в розн;Канцелярские товары, приобретенные за наличный расчет в розничной торговле
10;1021;1021;Покупные изделия и комплектующие;Покупные изделия и комплектующие
10;1022;1022;Специальные приборы, аппаратура и прочиепокупные изделия;Специальные приборы, аппаратура и прочиепокупные изделия
10;1023;1023;Контрагентные  поставки;Контрагентные  поставки
10;1024;1024;Контрагентные поставки без выделения НДС;Контрагентные поставки без выделения НДС
10;1025;1025;материалы Бастион-5;материалы Бастион-5
10;1030;1030;Топливо;Топливо
10;1040;1040;Тара  и тарные материалы;Тара  и тарные материалы
10;1061;1061;Утиль;Утиль
10;1062;1062;Металлолом;Металлолом
10;1063;1063;Прочие;Прочие
10;1064;1064;Материалы;Материалы
10;1066;1066;Материалы;Материалы
10;1067;1067;Материалы в Представительствах в РК;Материалы в Представительствах в РК
10;1068;1068;Материалы в воинских частях;Материалы в воинских частях
10;1069;1069;Материалы в подразделениях;Материалы в подразделениях
10;1070;1070;Материалы, переданные в переработку на сторону;Материалы, переданные в переработку на сторону
10;1080;1080;Строительные материалы;Строительные материалы
10;1091;1091;Инструмент на складе;Инструмент на складе
10;1093;1093;Инвентарь на складе;Инвентарь на складе
10;1094;1094;Инвентарь  в эксплуатации;Инвентарь  в эксплуатации
10;1095;1095;Спецодежда и постельные принадлежности на складе;Спецодежда и постельные принадлежности на складе
10;1096;1096;Спецодежда и постельные принадлежности в эксплуатации;Спецодежда и постельные принадлежности в эксплуатации
10;1097;1097;Инвентарь в Представительствах в РК;Инвентарь в Представительствах в РК
10;1098;1098;Специальная оснастка на складе;Специальная оснастка на складе
10;1099;1099;Специальная оснастка в эксплуатации;Специальная оснастка в эксплуатации
10;1050;1050;Запасные части;Запасные части
10;1092;1092;Инструмент в подразделениях;Инструмент в подразделениях
10;1031;1031;ГСМ;ГСМ
10;1032;1032;топливо в баках;топливо в баках
10;1020;1020;Покупные полуфабрикаты и комплектующие изделия,конструкции и;Покупные полуфабрикаты и комплектующие изделия,конструкции и детали
10;1033;1033;твёрдое топливо;твёрдое топливо
10;1060;1060;прочие материалы;прочие материалы
10;1090;1090;Инвентарь и хозяйственные принадлежности;Инвентарь и хозяйственные принадлежности
14;0000;0;Резервы под снижение стоимости материальных ценнос;Резервы под снижение стоимости материальных ценнос
14;1410;1410;Резервы под снижение  стоимости материально-произ;Резервы под снижение  стоимости материально-произ
14;1411;1411;Резервы под снижение стоимости незавершенного про;Резервы под снижение стоимости незавершенного про
14;1412;1412;Резервы под снижение стоимости готовой продукции;Резервы под снижение стоимости готовой продукции
15;0000;0;Заготовление и приобретение материальных ценностей;Заготовление и приобретение материальных ценностей
15;1510;1510;Материалы в пути;Материалы в пути
16;0000;0;Отклонение в стоимости материальных ценн;Отклонение в стоимости материальных ценн
16;1610;1610;Отклонение в стоимости приобретенных МПЗи капитальных вложен;Отклонение в стоимости приобретенных МПЗи капитальных вложений
19;0000;0;Налог на добавленную стоимость по приобретенным ценностям;Налог на добавленную стоимость по приобретенным ценностям
19;1910;1910;Налог на добавленную стоимость при приобретении основных сре;Налог на добавленную стоимость при приобретении основных средств
19;1911;1911;НДС при приобретении ОС;НДС при приобретении ОС
19;1912;1912;НДС, ОС в период с 01.01.2005 г. до 01.01.2006 г.;НДС, ОС в период с 01.01.2005 г. до 01.01.2006 г.
19;1913;1913;Сумма налога, исчисленная при выполнени и СМР для собственно;Сумма налога, исчисленная при выполнени и СМР для собственного потребления
19;1914;1914;НДС по принятым на учет ОС, увеличивающий их стоимость;НДС по принятым на учет ОС, увеличивающий их стоимость
19;1915;1915;НДС, предъявленный  подрядными организациями, упл;НДС, предъявленный  подрядными организациями, упл
19;1920;1920;НДС по приобретенным НМА;НДС по приобретенным НМА
19;1930;1930;НДС по приобретённым МПЗ;НДС по приобретённым МПЗ
19;1931;1931;НДС по приобретённым МПЗ;НДС по приобретённым МПЗ
19;1932;1932;НДС по приобретённому инвентарю;НДС по приобретённому инвентарю
19;1933;1933;НДС по приобретенным МПЗ и работам в Представительствах в РК;НДС по приобретенным МПЗ и работам в Представительствах в РК
19;1934;1934;НДС по списанным в производство ТМЦ, на работы, не облагаемы;НДС по списанным в производство ТМЦ, на работы, не облагаемые НДС
19;1940;1940;Налог на добавленную стоимость по работам (услугам) общезаво;Налог на добавленную стоимость по работам (услугам) общезаводского характера
19;1950;1950;Налог на добавленную стоимость по работам (услугам);Налог на добавленную стоимость по работам (услугам)
19;1951;1951;НДС по работам (услугам) производственного характера;НДС по работам (услугам) производственного характера
19;1952;1952;НДС по работам (услугам) на экспорт;НДС по работам (услугам) на экспорт
19;1953;1953;НДС по работам(услугам) производственного характера на экспо;"НДС по работам(услугам) производственного характера на экспорт по контрактам с СП ""Брамос"""
19;1954;1954;НДС, предъявленный подрядными организациями при проведении к;НДС, предъявленный подрядными организациями при проведении капитального строительства
19;1955;1955;НДС по работам(услугам) производственного характера на экспо;"НДС по работам(услугам) производственного характера на экспорт по теме""Бастион"""
19;1959;1959;НДС, уплаченный в качестве налогового агента и подлежащий вк;НДС, уплаченный в качестве налогового агента и подлежащий включению в налоговый вычет
19;1960;1960;Налог на добавленную стоимость;Налог на добавленную стоимость
19;1970;1970;Налог на добавленную стоимость;Налог на добавленную стоимость
19;1980;1980;Налог на добавленную стоимость;Налог на добавленную стоимость
19;1990;1990;Прочий НДС;Прочий НДС
19;1991;1991;НДС по материальным ценностям;НДС по материальным ценностям
19;1992;1992;НДС по выполненным работам (услугам);НДС по выполненным работам (услугам)
19;1993;1993;Налог на добавленную стоимость;Налог на добавленную стоимость
19;1999;1999;НДС по реализованным товарам, работам(услугам),применение ну;НДС по реализованным товарам, работам(услугам),применение нулевой ставки, по которым не подтверждено
19;1958;1958;НДС по приобретенным ОС при их использовании для осуществлен;НДС по приобретенным ОС при их использовании для осуществления операций, облагаемых по ставке 0%
19;1957;1957;НДС по работам общезаводского характера,относящимся к работа;НДС по работам общезаводского характера,относящимся к работам(услугам) на экспорт
19;1956;1956;НДС экспорт общехозяйственные;НДС экспорт общехозяйственные
19;1998;1998;НДС, отложенный к налоговому вычету до получения счета-факту;НДС, отложенный к налоговому вычету до получения счета-фактуры
19;1935;1935;НДС по списанным в производство покупных и комплектующих изд;НДС по списанным в производство покупных и комплектующих изделий, используемых строго для выполнения работ, облагаемых НДС
20;0000;0;Основное производство;Основное производство
20;2010;2010;Расходы по выполнению работ, финансируемых из госбюджета;Расходы по выполнению работ, финансируемых из госбюджета
20;2011;2011;Расходы на выполнение работ по спецтематике, финансируемых и;Расходы на выполнение работ по спецтематике, финансируемых из госбюджета, не облагаемых НДС (ОЗМ)
20;2012;2012;Расходы на выполение работ по спецтематике, финансируемых из;Расходы на выполение работ по спецтематике, финансируемых из госбюджета, не облагаемых НДС (КБ)
20;2013;2013;Расходы на выполнение НИР и НИОКР по дог;Расходы на выполнение НИР и НИОКР по дог
20;2015;2015;Расходы на выполение работ по спецтематике, финансируемых из;Расходы на выполение работ по спецтематике, финансируемых из госбюджета, облагаемых НДС (ОЗМ)
20;2016;2016;Расходы на выполение работ по спецтематике, финансируемых из;Расходы на выполение работ по спецтематике, финансируемых из госбюджета, облагаемых НДС (КБ)
20;2017;2017;Основное производство;Основное производство
20;2018;2018;Основное производство;Основное производство
20;2019;2019;Основное производство;Основное производство
20;2020;2020;Выполненные работы сторонних организаций в рамках работ, фин;Выполненные работы сторонних организаций в рамках работ, финансируемых из госбюджета
20;2021;2021;Выполненные работы смежников в рамках работ по спецтематике,;Выполненные работы смежников в рамках работ по спецтематике, финансируемых из госбюджета, не облагаемых НДС
20;2022;2022;Затраты смежников по контрагентным поставкам в рамках работ;Затраты смежников по контрагентным поставкам в рамках работ по спецтематике, финансируемых из госбюджета, не облагаемых НДС
20;2023;2023;Расходы на выполнение НИОКР по теме «Кон;Расходы на выполнение НИОКР по теме «Кон
20;2024;2024;Расходы по теме «Кондор» (КБ);Расходы по теме «Кондор» (КБ)
20;2030;2030;Расходы по Представительствам в Республике Казахстан;Расходы по Представительствам в Республике Казахстан
20;2031;2031;Расходы, финансируемые по сметам на поддержание НКИ и работа;Расходы, финансируемые по сметам на поддержание НКИ и работам, не облагаемым НДС
20;2032;2032;Расходы по работам, облагаемым НДС;Расходы по работам, облагаемым НДС
20;2033;2033;Расходы прошлых лет;Расходы прошлых лет
20;2034;2034;Выполненные работы смежников в рамках работ, не облагаемых Н;Выполненные работы смежников в рамках работ, не облагаемых НДС
20;2041;2041;Расходы на производство прочей продукции и оказание услуг, о;Расходы на производство прочей продукции и оказание услуг, облагаемых НДС
20;2042;2042;Расходы на производство прочей продукции и оказание услуг, о;Расходы на производство прочей продукции и оказание услуг, облагаемых НДС (КБ)
20;2043;2043;Расходы на производство прочей продукции, не облагаемые НДС;Расходы на производство прочей продукции, не облагаемые НДС (ОЗМ)
20;2044;2044;Расходы на производство прочей продукции, не облагаемые НДС;Расходы на производство прочей продукции, не облагаемые НДС (КБ)
20;2045;2045;Выполнение работ смежников в рамках работ на производство пр;Выполнение работ смежников в рамках работ на производство прочей продукции, облагаемых НДС
20;2046;2046;Расходы на производство гражда;Расходы на производство гражда
20;2047;2047;Выполненные работы смежников в рамках работ на производство;Выполненные работы смежников в рамках работ на производство прочей продукции, не облагаемых НДС
20;2048;2048;Расходы цеха 22-29 по производству продукции для основной де;Расходы цеха 22-29 по производству продукции для основной деятельности предприятия
20;2049;2049;Конверсионные работы (незавершенное производство);Конверсионные работы (незавершенное производство)
20;2050;2050;Расходы на гарантийное обслуживание и ремонт;Расходы на гарантийное обслуживание и ремонт
20;2051;2051;Расходы по оказанию услуг на договорной;Расходы по оказанию услуг на договорной
20;2052;2052;Расходы по оказанию услуг на договорной;Расходы по оказанию услуг на договорной
20;2053;2053;Расходы по производству продукции на экс;Расходы по производству продукции на экс
20;2055;2055;Прочие расходы;Прочие расходы
20;2056;2056;Расходы цеха 22-29 по производству проду;Расходы цеха 22-29 по производству проду
20;2057;2057;Производство штатных изделий К-310 (ОЗМ);Производство штатных изделий К-310 (ОЗМ)
20;2058;2058;Производство штатных изделий К-310 (КБ);Производство штатных изделий К-310 (КБ)
20;2060;2060;Расходы по работам на экспорт;Расходы по работам на экспорт
20;2061;2061;Расходы по договорам с инозаказчиком (ОЗМ);Расходы по договорам с инозаказчиком (ОЗМ)
20;2062;2062;Расходы по договорам с инозаказчиком (КБ);Расходы по договорам с инозаказчиком (КБ)
20;2070;2070;Расходы по НИОКР по договорам с инозаказ;Расходы по НИОКР по договорам с инозаказ
20;2071;2071;Расходы по договорам с инозаказчиками (О;Расходы по договорам с инозаказчиками (О
20;2072;2072;Расходы по договорам с инозаказчиками (К;Расходы по договорам с инозаказчиками (К
20;2080;2080;Расходы по инновационным НИОКР;Расходы по инновационным НИОКР
20;2081;2081;Расходы по инновационным НИОКР ( незавершенные);Расходы по инновационным НИОКР ( незавершенные)
20;2090;2090;Расходы на НИОКР по теме «Альянс»;Расходы на НИОКР по теме «Альянс»
20;2091;2091;"Расходы на НИОКР по теме ""Альянс"" (ОЗМ)";"Расходы на НИОКР по теме ""Альянс"" (ОЗМ)"
20;2092;2092;"Расходы на НИОКР по теме ""Альянс "" (КБ)";"Расходы на НИОКР по теме ""Альянс "" (КБ)"
20;2094;2094;Основное производство;Основное производство
20;2093;2093;"Выполненные работы смежников в рамках работ по теме ""Альянс""";"Выполненные работы смежников в рамках работ по теме ""Альянс"""
20;2014;2014;Расходы на выполнение НИР И НИОКР по дог;Расходы на выполнение НИР И НИОКР по дог
20;2040;2040;Расходы на производство прочей продукции и оказание услуг;Расходы на производство прочей продукции и оказание услуг
20;2054;2054;Расходы по производству продукции на экс;Расходы по производству продукции на экс
20;2025;2025;Выполненные работы смежников в рамках работ по спецтематике,;Выполненные работы смежников в рамках работ по спецтематике, финансируемых из госбюджета, облагаемых НДС
20;2026;2026;Затраты смежников по контрагентным поставкам в рамках работ;Затраты смежников по контрагентным поставкам в рамках работ по спецтематике, финансируемых из госбюджета, облагаемых НДС
20;2035;2035;Выполненные работы смежников в рамках работ, облагаемых НДС.;Выполненные работы смежников в рамках работ, облагаемых НДС.
20;2063;2063;Выполненные работы смежников в рамках работ по договорам с и;Выполненные работы смежников в рамках работ по договорам с инозаказчиком
20;2066;2066;Выполненные работы смежников в рамках работ по производству;Выполненные работы смежников в рамках работ по производству продукции на экспорт
20;2067;2067;Затраты смежников по контрагентным поставкам в рамках работ;Затраты смежников по контрагентным поставкам в рамках работ по производству продукции на экспорт
20;2064;2064;Расходы по производству продукции на экспорт (ОЗМ);Расходы по производству продукции на экспорт (ОЗМ)
20;2065;2065;Расходы по производству продукции на экспорт (КБ);Расходы по производству продукции на экспорт (КБ)
20;2082;2082;Долевое финансирование разработки и производства в рамках те;Долевое финансирование разработки и производства в рамках темы ОКР СК 14К030 озм
20;2083;2083;Долевое финансирование разработки и производства в рамках те;Долевое финансирование разработки и производства в рамках темы ОКР СК 14К030 кб
21;0000;0;Полуфабрикаты собственного производства;Полуфабрикаты собственного производства
21;2110;2110;Полуфабрикаты собственного производства;Полуфабрикаты собственного производства
23;0000;0;Вспомогательное производство;Вспомогательное производство
23;2311;2311;Расходы на производство капитального характера;Расходы на производство капитального характера
23;2312;2312;Прочие расходы цехов;Прочие расходы цехов
23;2313;2313;Расходы по ПТР;Расходы по ПТР
23;2314;2314;Расходы на производство для подразделени;Расходы на производство для подразделени
23;2315;2315;Расходы по ПТР;Расходы по ПТР
23;2320;2320;Прочие расходы вспомогательного производства;Прочие расходы вспомогательного производства
23;2321;2321;Расходы по котельной;Расходы по котельной
23;2322;2322;Расходы по подстанции;Расходы по подстанции
23;2323;2323;Расходы по эксплуатации водопровода;Расходы по эксплуатации водопровода
23;2324;2324;Расходы транспортного цеха;Расходы транспортного цеха
23;2325;2325;Расходы цеха связи;Расходы цеха связи
23;2330;2330;Расходы на гарантийное обслуживание по экспортным контрактам;Расходы на гарантийное обслуживание по экспортным контрактам
23;2310;2310;Вспомогательное производство цехов;Вспомогательное производство цехов
25;0000;0;Общепроизводственные расходы;Общепроизводственные расходы
25;2510;2510;Цеховые расходы;Цеховые расходы
25;2512;2512;Цеховые (лабораторные) расходы по констр;Цеховые (лабораторные) расходы по констр
25;2513;2513;Цеховые расходы ОЗМ (тема Альянс»);Цеховые расходы ОЗМ (тема Альянс»)
25;2514;2514;Цеховые расходы ЦКБМ (тема Альянс»);Цеховые расходы ЦКБМ (тема Альянс»)
25;2515;2515;Цеховые расходы Представительств в РК;Цеховые расходы Представительств в РК
25;2511;2511;Цеховые расходы предприятия;Цеховые расходы предприятия
25;2522;2522;Прочие расходы, произведенные по плану ПТР;Прочие расходы, произведенные по плану ПТР
25;2521;2521;Амортизация текущего года по ОС;Амортизация текущего года по ОС
25;2520;2520;Общепроизводственне расходы капитального характера;Общепроизводственне расходы капитального характера
26;0000;0;Общехозяйственные расходы;Общехозяйственные расходы
26;2610;2610;Общехозяйственные расходы;Общехозяйственные расходы
26;2611;2611;Общехозяйственные  расходы предприятия;Общехозяйственные  расходы предприятия
26;2612;2612;Общехозяйственные расходы (тема «Альянс»;Общехозяйственные расходы (тема «Альянс»
26;2613;2613;Общехозяйственные расходы по ЦЭРП;Общехозяйственные расходы по ЦЭРП
26;2614;2614;Общехозяйственные  расходы по тематике С;Общехозяйственные  расходы по тематике С
26;2615;2615;Общехозяйственные расходы в рамках внешнеэкономической деяте;Общехозяйственные расходы в рамках внешнеэкономической деятельности
26;2621;2621;амортизация текущего года по ОС;амортизация текущего года по ОС
26;2622;2622;Прочие расходы, производимые по плану П ТР;Прочие расходы, производимые по плану П ТР
26;2620;2620;Общехозяйственные расходы капитального характера;Общехозяйственные расходы капитального характера
28;0000;0;Брак в производстве;Брак в производстве
28;2810;2810;Брак в производстве;Брак в производстве
29;0000;0;Обслуживающие производства и хозяйства;Обслуживающие производства и хозяйства
29;2910;2910;Расходы объектов социально-культурной сферы;Расходы объектов социально-культурной сферы
29;2911;2911;Расходы на содержание ОК «Киржач»;Расходы на содержание ОК «Киржач»
29;2912;2912;Расходы на содержание б/о Рассвет;Расходы на содержание б/о Рассвет
29;2914;2914;Расходы на содержание ДК «Мир»;Расходы на содержание ДК «Мир»
29;2916;2916;Расходы на содержание б/о «Капустино»;Расходы на содержание б/о «Капустино»
29;2917;2917;Расходы по содержание общежития ул.Ашхабадская;Расходы по содержание общежития ул.Ашхабадская
29;2918;2918;Расходы на содержание нережимного офиса ул.Молодёжная;Расходы на содержание нережимного офиса ул.Молодёжная
29;2919;2919;Расходы на содержание оранжереи;Расходы на содержание оранжереи
29;2920;2920;Расходы вспомогательных производств;Расходы вспомогательных производств
29;2921;2921;Расходы по «Комбинату питания»;Расходы по «Комбинату питания»
29;2913;2913;Расходы на содержание с/п «Купавна»;Расходы на содержание с/п «Купавна»
29;2915;2915;Расходы на содержание МСЧ  № 5;Расходы на содержание МСЧ  № 5
40;0000;0;Выпуск  продукция (работ, услуг);Выпуск  продукция (работ, услуг)
40;4010;4010;Выпуск  продукции (работ, услуг);Выпуск  продукции (работ, услуг)
41;0000;0;Товары;Товары
41;4110;4110;Товары на складах;Товары на складах
41;4120;4120;Товары в розничной торговле;Товары в розничной торговле
41;4130;4130;Тара под товаром и порожняя;Тара под товаром и порожняя
41;4140;4140;Покупные изделия;Покупные изделия
41;4150;4150;Товары, переданные в производство;Товары, переданные в производство
42;0000;0;Торговая наценка;Торговая наценка
42;4210;4210;Торговая наценка;Торговая наценка
42;4220;4220;Торговая наценка на продукцию собственного производства;Торговая наценка на продукцию собственного производства
42;4230;4230;Торговая наценка;Торговая наценка
42;4240;4240;Торговая наценка на покупные товары;Торговая наценка на покупные товары
43;0000;0;Готовая продукция;Готовая продукция
43;4310;4310;Готовая продукция на складе;Готовая продукция на складе
43;4320;4320;Готовая продукция, специального назначения;Готовая продукция, специального назначения
44;0000;0;Расходы на продажу;Расходы на продажу
44;4410;4410;Расходы на продажу;Расходы на продажу
44;4411;4411;Расходы  по Торговому салону;Расходы  по Торговому салону
44;4412;4412;Расходы по услугам населению;Расходы по услугам населению
44;4413;4413;Расходы по комбинату питания;Расходы по комбинату питания
45;0000;0;Товары отгруженные;Товары отгруженные
45;4510;4510;Товарно-материальные ценности отгруженные;Товарно-материальные ценности отгруженные
45;4520;4520;Товары отгруженные;Товары отгруженные
45;4530;4530;Товары отгруженные;Товары отгруженные
45;4540;4540;Товары отгруженные;Товары отгруженные
45;4550;4550;Товары отгруженные;Товары отгруженные
45;4551;4551;Товары отгруженные;Товары отгруженные
45;4552;4552;Товары отгруженные;Товары отгруженные
45;4553;4553;Товары отгруженные;Товары отгруженные
45;4554;4554;Товары отгруженные;Товары отгруженные
46;0000;0;Выполненные этапы по незавершенным работам;Выполненные этапы по незавершенным работам
46;4610;4610;Выполненные этапы по незавершенным работам;Выполненные этапы по незавершенным работам
46;4611;4611;Выполненные этапы по незавершенным работам по 6шт;Выполненные этапы по незавершенным работам по 6шт
46;4612;4612;Выполненные этапы по незавершенным работам по 4 ш;Выполненные этапы по незавершенным работам по 4 ш
46;4613;4613;Выполненные работы по незавершенным работам по 55;Выполненные работы по незавершенным работам по 55
46;4619;4619;Выполненные этапы по незавершенным работам по теме;Выполненные этапы по незавершенным работам по теме
46;4620;4620;Выполненные этапы по незавершенным работам, связан;Выполненные этапы по незавершенным работам, связан
46;4621;4621;Выполненные этапы по незавершенным работам СК-310;Выполненные этапы по незавершенным работам СК-310
46;4622;4622;Выполненные этапы по незавершенным работам СК-310;Выполненные этапы по незавершенным работам СК-310
46;4623;4623;Выполненные этапы по незавершенным работам СК-310;Выполненные этапы по незавершенным работам СК-310
46;4624;4624;Выполненные этапы по незавершенным работам СК-310;Выполненные этапы по незавершенным работам СК-310
46;4625;4625;Выполненные этапы по незавершенным работам СК-310;Выполненные этапы по незавершенным работам СК-310
46;4630;4630;Выполненные этапы по работам с Рособоронэкспорт;Выполненные этапы по работам с Рособоронэкспорт
46;4631;4631;Выполненные этапы по работам с Рособоронэкспорт;Выполненные этапы по работам с Рособоронэкспорт
50;0000;0;Касса;Касса
50;5011;5011;Касса предприятия (рублевая);Касса предприятия (рублевая)
50;5012;5012;Касса предприятия (валютная);Касса предприятия (валютная)
50;5021;5021;Касса Торгового салона (31-16);Касса Торгового салона (31-16)
50;5022;5022;Раздатчики подразделений;Раздатчики подразделений
50;5031;5031;Оплаченные путевки;Оплаченные путевки
50;5023;5023;Касса Комбината питания;Касса Комбината питания
50;5032;5032;Оплаченные билеты на все виды транспорта для командированных;Оплаченные билеты на все виды транспорта для командированных работников
50;5024;5024;Касса транспортного цеха;Касса транспортного цеха
50;5033;5033;Топливные карты;Топливные карты
50;5010;5010;Касса организации;Касса организации
50;5020;5020;Операционная касса;Операционная касса
50;5030;5030;Денежные документы;Денежные документы
50;5013;5013;касса цеха 22-29;касса цеха 22-29
51;0000;0;Расчетные счета;Расчетные счета
51;5111;5111;Расчетный счет в ОСБ № 8038 г.Балашиха;Расчетный счет в ОСБ № 8038 г.Балашиха
51;5112;5112;. Расчетный счет в КБ РБР;. Расчетный счет в КБ РБР
51;5113;5113;Расчетный счет в ОСБ  г. Реутов;Расчетный счет в ОСБ  г. Реутов
51;5114;5114;Расчетный счет в ЗАО Интерпромбанк;Расчетный счет в ЗАО Интерпромбанк
51;5115;5115;"Расчетный счет в ОАО ""Газпромбанк""";"Расчетный счет в ОАО ""Газпромбанк"""
51;5123;5123;ОФК;ОФК
51;5131;5131;Расчетный счет  в АКБ «Еврофинанс»;Расчетный счет  в АКБ «Еврофинанс»
51;5132;5132;Расчетный счет в АКБ «Стройинд;Расчетный счет в АКБ «Стройинд
51;5133;5133;Расчетный счет в АКБ «Форпост»;Расчетный счет в АКБ «Форпост»
51;5134;5134;Расчетный счет в АКБ « Внешторгбанк»;Расчетный счет в АКБ « Внешторгбанк»
51;5135;5135;Расчетный счет  в ООО КБ «НМБ»;Расчетный счет  в ООО КБ «НМБ»
51;5136;5136;"Расчетный счет в  АКБ «Инвестиционная Банковская Корпорация""";"Расчетный счет в  АКБ «Инвестиционная Банковская Корпорация"""
51;5137;5137;Расчетный счет в ООО КБСИ «Строиндбанк»;Расчетный счет в ООО КБСИ «Строиндбанк»
51;5138;5138;"Расчетный счет в ООО КБСИ ""Строиндбанк"" цех 22-29";"Расчетный счет в ООО КБСИ ""Строиндбанк"" цех 22-29"
51;5139;5139;Расчетный счет Фонд Сервис Банк;Расчетный счет Фонд Сервис Банк
51;5116;5116;Расчетный счет ОАО АКБ РОСБАНК;Расчетный счет ОАО АКБ РОСБАНК
51;5150;5150;прочие расчетные счета;прочие расчетные счета
51;5117;5117;"Расчетный счет в ОАО ""Сбербанк России""";"Расчетный счет в ОАО ""Сбербанк России"""
51;5119;5119;"Расчетный счет в ОАО ""Нота-Банк""";"Расчетный счет в ОАО ""Нота-Банк"""
51;5110;5110;Расчетные счета в банках;Расчетные счета в банках
51;5120;5120;Расчетные счета бюджетных поступлений;Расчетные счета бюджетных поступлений
51;5130;5130;Расчетные счета в банках;Расчетные счета в банках
52;0000;0;Валютные счета;Валютные счета
52;5224;5224;"Транзитный счет АКБ ""Еврофинанс"" в Евро";"Транзитный счет АКБ ""Еврофинанс"" в Евро"
52;5225;5225;"Текущий счет в АКБ ""Еврофинанс"" в Евро";"Текущий счет в АКБ ""Еврофинанс"" в Евро"
52;5221;5221;"Транзитный счет в АКБ ""Еврофинанс"" в долларах США";"Транзитный счет в АКБ ""Еврофинанс"" в долларах США"
52;5243;5243;Транзитный счет во Внешторгбанке в Евро;Транзитный счет во Внешторгбанке в Евро
52;5244;5244;Текущий счет во Внешторгбанке в Евро;Текущий счет во Внешторгбанке в Евро
52;5251;5251;Транзитный счет в ОСБ №8038 г.Балашиха вдолларах США;Транзитный счет в ОСБ №8038 г.Балашиха вдолларах США
52;5252;5252;Текущий счет в ОСБ №8038 г.Балашиха в долларах США;Текущий счет в ОСБ №8038 г.Балашиха в долларах США
52;5261;5261;Транзитный счет в ООО КБ НМБ в долларах США;Транзитный счет в ООО КБ НМБ в долларах США
52;5262;5262;Текущий счет в ООО КБ НМБ в долларах США;Текущий счет в ООО КБ НМБ в долларах США
52;5263;5263;Транзитный счет в ООО КБ НМБ в Евро;Транзитный счет в ООО КБ НМБ в Евро
52;5264;5264;Текущий счет в ООО КБ НМБ в Евро;Текущий счет в ООО КБ НМБ в Евро
52;5291;5291;"Транзитный счет в ОАО ""Газпромбанк"" в долларах США";"Транзитный счет в ОАО ""Газпромбанк"" в долларах США"
52;5292;5292;"Текущий счет в ОАО ""Газпромбанк"" в долларах США";"Текущий счет в ОАО ""Газпромбанк"" в долларах США"
52;5294;5294;"Текущий счет в ОАО ""Газпромбанк"" в Евро";"Текущий счет в ОАО ""Газпромбанк"" в Евро"
52;5222;5222;"Текущий счет в АКБ ""Еврофинанс"" в долларах США";"Текущий счет в АКБ ""Еврофинанс"" в долларах США"
52;5211;5211;Текущ.вал.счет в АКБ РОСБАНК;Текущ.вал.счет в АКБ РОСБАНК
52;5293;5293;"Транзитный счет в ОАО ""Газпромбанк"" в Евро";"Транзитный счет в ОАО ""Газпромбанк"" в Евро"
52;5241;5241;Транзитный счет во Внешторгбанке в долларах США;Транзитный счет во Внешторгбанке в долларах США
52;5242;5242;Текущий счет во Внешторгбанке в долларахСША;Текущий счет во Внешторгбанке в долларахСША
52;5253;5253;Транзитный счет в ОСБ №8038 г.Балашиха вЕвро;Транзитный счет в ОСБ №8038 г.Балашиха вЕвро
52;5254;5254;Текущий счет в ОСБ №8038 г.Балашиха в Евро;Текущий счет в ОСБ №8038 г.Балашиха в Евро
52;5280;5280;Валютные счета в РК;Валютные счета в РК
52;5255;5255;Транзитный счет (№8492) в ОСБ №8038 г.Балашиха в долларах СШ;Транзитный счет (№8492) в ОСБ №8038 г.Балашиха в долларах США
52;5256;5256;Текущий счет (№8492) в ОСБ №8038 г.Балашиха в долларах США;Текущий счет (№8492) в ОСБ №8038 г.Балашиха в долларах США
52;5257;5257;Текущий счет (№8492) в ОСБ №8038 г.Балашиха в Евро;Текущий счет (№8492) в ОСБ №8038 г.Балашиха в Евро
52;5258;5258;Транзитный счет (№8492) в ОСБ №8038 г.Балашиха в Евро;Транзитный счет (№8492) в ОСБ №8038 г.Балашиха в Евро
55;0000;0;Специальные счета в банках;Специальные счета в банках
55;5510;5510;Аккредитивы;Аккредитивы
55;5520;5520;Чековые книжки;Чековые книжки
55;5530;5530;Депозитные счета;Депозитные счета
55;5531;5531;Специальные счета в банках;Специальные счета в банках
55;5532;5532;Специальные счета в банках;Специальные счета в банках
55;5533;5533;Специальные счета в банках;Специальные счета в банках
55;5534;5534;Специальные счета в банках;Специальные счета в банках
55;5535;5535;Специальные счета в банках;Специальные счета в банках
55;5536;5536;Специальные счета в банках;Специальные счета в банках
55;5540;5540;Кредитные карты;Кредитные карты
57;0000;0;Переводы в пути;Переводы в пути
57;5710;5710;Переводы в пути;Переводы в пути
57;5720;5720;Переводы в пути в валюте;Переводы в пути в валюте
57;5730;5730;переводы в пути по платежным картам в соответствии с договор;переводы в пути по платежным картам в соответствии с договором №96 от 16.06.2008, заключенным с АК СБ РФ Балашихинского отделения № 8038
58;0000;0;Финансовые вложения;Финансовые вложения
58;5810;5810;Паи и акции;Паи и акции
58;5811;5811;Паи;Паи
58;5812;5812;Акции;Акции
58;5813;5813;Корпоративные   ценные бумаги;Корпоративные   ценные бумаги
58;5819;5819;Акции в СП «Брамос»;Акции в СП «Брамос»
58;5820;5820;Долговые ценные бумаги;Долговые ценные бумаги
58;5821;5821;Финансовые вложения;Финансовые вложения
58;5822;5822;Финансовые вложения;Финансовые вложения
58;5823;5823;Финансовые вложения;Финансовые вложения
58;5824;5824;Финансовые вложения;Финансовые вложения
58;5825;5825;Финансовые вложения;Финансовые вложения
58;5826;5826;Финансовые вложения;Финансовые вложения
58;5827;5827;Финансовые вложения;Финансовые вложения
58;5828;5828;Финансовые вложения;Финансовые вложения
58;5829;5829;Валютный вексель «Инкомбанка»;Валютный вексель «Инкомбанка»
58;5830;5830;Предоставленные займы;Предоставленные займы
58;5840;5840;Вклады по договору простого товарищества;Вклады по договору простого товарищества
58;5850;5850;Прочие;Прочие
58;5851;5851;Финансовые вложения;Финансовые вложения
58;5860;5860;Финансовые вложения;Финансовые вложения
58;5861;5861;Финансовые вложения;Финансовые вложения
58;5862;5862;Финансовые вложения;Финансовые вложения
58;5814;5814;Акции российских предприятий, внесённые в уставный капитал О;"Акции российских предприятий, внесённые в уставный капитал ОАО ""ВПК ""НПО машиностроения"" в соответствии с Указом Президента от 13.09.04г.№1161"
59;0000;0;Резервы под обесценение финансовых вложений;Резервы под обесценение финансовых вложений
59;5910;5910;Резервы под обесценение финансовых вложений;Резервы под обесценение финансовых вложений
60;6013;6013;Расчёты с поставщиками и подрядчиками за материальные ценнос;Расчёты с поставщиками и подрядчиками за материальные ценности, в валюте
60;6051;6051;Авансирование услуг в/ч 42099;Авансирование услуг в/ч 42099
60;6032;6032;Расчёты с поставщиками за оказанные услуги, в валюте;Расчёты с поставщиками за оказанные услуги, в валюте
60;0000;0;Расчеты с поставщиками и подрядчиками;Расчеты с поставщиками и подрядчиками
60;6011;6011;Расчёты с поставщиками и подрядчиками за материальные ценнос;Расчёты с поставщиками и подрядчиками за материальные ценности, в рублях
60;6012;6012;Расчёты с поставщиками и подрядчиками за материальные ценнос;Расчёты с поставщиками и подрядчиками за материальные ценности цех 22-29
60;6021;6021;Расчёты с поставщиками и подрядчиками за выполненные работы,;Расчёты с поставщиками и подрядчиками за выполненные работы, в рублях
60;6022;6022;Расчёты с поставщиками и подрядчиками за выполненные работы,;Расчёты с поставщиками и подрядчиками за выполненные работы, в валюте
60;6023;6023;Расчёты с поставщиками и подрядчиками по текущему и капиталь;Расчёты с поставщиками и подрядчиками по текущему и капитальному ремонту, в рублях
60;6024;6024;Расчёты с поставщиками и подрядчиками по текущему и капиталь;Расчёты с поставщиками и подрядчиками по текущему и капитальному ремонту в уе
60;6029;6029;"Расчёты с поставщиками и подрядчиками по теме ""Альянс""";"Расчёты с поставщиками и подрядчиками по теме ""Альянс"""
60;6031;6031;Расчёты с поставщиками за оказанные услуги производственного;Расчёты с поставщиками за оказанные услуги производственного характера,в рублях
60;6035;6035;Расчёты с поставщиками за оказанные услуги общехозяйственног;Расчёты с поставщиками за оказанные услуги общехозяйственного характера, в рублях
60;6036;6036;Предоплата за оказанные услуги по Представительствам в РК в;Предоплата за оказанные услуги по Представительствам в РК в валюте
60;6038;6038;Расчёты с поставщиками и подрядчиками за оказанные услуги по;Расчёты с поставщиками и подрядчиками за оказанные услуги по Представительствам в РК, в рублях
60;6039;6039;Предоплата за оказанные услуги по Представительствам в РК, в;Предоплата за оказанные услуги по Представительствам в РК, в рублях
60;6041;6041;Расчёты по авансам, выданным в рублях;Расчёты по авансам, выданным в рублях
60;6043;6043;Предоплата за услуги, в рублях;Предоплата за услуги, в рублях
60;6049;6049;"Расчёты по авансам, выданным по теме ""Альянс""";"Расчёты по авансам, выданным по теме ""Альянс"""
60;6037;6037;Расчёты с поставщиками и подрядчиками за оказанные услуги по;Расчёты с поставщиками и подрядчиками за оказанные услуги по Представительствам в РК, в валюте
60;6042;6042;Расчёты по авансам, выданным в валюте;Расчёты по авансам, выданным в валюте
60;6015;6015;Предоплата за материальные ценности в валюте;Предоплата за материальные ценности в валюте
60;6014;6014;Предоплата за материальные ценности,в рублях;Предоплата за материальные ценности,в рублях
60;6034;6034;Предоплата за оказанные услуги общехозяйственного характера,;Предоплата за оказанные услуги общехозяйственного характера,в рублях
60;6071;6071;Расчёты по билетам на все виды транспорта для командированны;Расчёты по билетам на все виды транспорта для командированных работников
60;6033;6033;Расчёты с поставщиками и подрядчиками по текущему и капиталь;Расчёты с поставщиками и подрядчиками по текущему и капитальному ремонту в валюте
60;6016;6016;Предоплата за приобретенные материальные ценности цех 22-29;Предоплата за приобретенные материальные ценности цех 22-29
62;6226;6226;Предоплата за услуги, в рублях;Предоплата за услуги, в рублях
62;6227;6227;НДС, исчисленный с предоплаты за услуги, в рублях;НДС, исчисленный с предоплаты за услуги, в рублях
62;0000;0;Расчеты с покупателями и заказчиками;Расчеты с покупателями и заказчиками
62;6212;6212;Расчёты с покупателями и заказчиками по выполненным работам,;Расчёты с покупателями и заказчиками по выполненным работам, услугам в валюте
62;6213;6213;Расчеты с покупателями и заказчиками, по выполненным работам;Расчеты с покупателями и заказчиками, по выполненным работам, оказанным услугам, облагаемым НДС
62;6214;6214;Расчёты с покупателями и заказчиками по оказанным коммунальн;Расчёты с покупателями и заказчиками по оказанным коммунальным услугам
62;6215;6215;Расчёты с покупателями и заказчиками по реализованным ТМЦ, в;Расчёты с покупателями и заказчиками по реализованным ТМЦ, в рублях
62;6216;6216;расчеты с покупателями и заказчиками цех22-29;расчеты с покупателями и заказчиками цех22-29
62;6217;6217;Расчёты с покупателями и заказчиками по реализованным ТМЦ, в;Расчёты с покупателями и заказчиками по реализованным ТМЦ, в валюте
62;6218;6218;Расчёты с покупателями и заказчиками по выполненным работам,;Расчёты с покупателями и заказчиками по выполненным работам, оказанным услугам, не облагаемым НДС и облагаемые по ставке 0%
62;6219;6219;Расчёты с покупателями и заказчиками по выполненным работам,;Расчёты с покупателями и заказчиками по выполненным работам, оказанным услугам, не облагаемым НДС, в у.е.
62;6221;6221;Авансы, полученные от заказчика по договорным работам, не об;Авансы, полученные от заказчика по договорным работам, не облагаемым НДС и облагаемым по ставке 0%, в рублях
62;6222;6222;Авансы по экспортным работам(услугам), в валюте;Авансы по экспортным работам(услугам), в валюте
62;6223;6223;Расчеты с покупателями и заказчиками;Расчеты с покупателями и заказчиками
62;6224;6224;Авансы, полученные от заказчика по договорным работам, облаг;Авансы, полученные от заказчика по договорным работам, облагаемым НДС, в рублях
62;6229;6229;Авансы по теме « Альянс»;Авансы по теме « Альянс»
62;6231;6231;Расчеты с покупателями и заказчиками по таможенным услугам;Расчеты с покупателями и заказчиками по таможенным услугам
62;6232;6232;Расчеты с покупателями и заказчиками за услуги связи;Расчеты с покупателями и заказчиками за услуги связи
62;6234;6234;Расчеты с покупателями и заказчиками за реализуемые основные;Расчеты с покупателями и заказчиками за реализуемые основные средства
62;6241;6241;Расчеты с населением за тепло;Расчеты с населением за тепло
62;6242;6242;Прочие услуги населению;Прочие услуги населению
62;6253;6253;Дебиторская задолженность по расчетам с покупателями и заказ;Дебиторская задолженность по расчетам с покупателями и заказчиками за выполненные работы, оказанные услуги,обр. по состоянию на 01.01.06г.
62;6254;6254;Дебиторская задолженность по расчетам с покупателями и заказ;Дебиторская задолженность по расчетам с покупателями и заказчиками за оказанные услуги тепло-водоснабжения, обр. на 01.01.2006г.
62;6255;6255;Дебиторская задолженность по расчетам с покупателями и заказ;Дебиторская задолженность по расчетам с покупателями и заказчиками за отгруженные ТМЦ, обр. на 01.01.2006г.
62;6256;6256;Дебиторская задолженность по расчетам с покупателями и заказ;Дебиторская задолженность по расчетам с покупателями и заказчиками за поставленную электроэнергию, обр. на 01.01.2006г.
62;6225;6225;НДС, исчисленный с авансов, полученных от заказчика по догов;НДС, исчисленный с авансов, полученных от заказчика по договорным работам, в рублях
63;0000;0;Резервы по сомнительным долгам;Резервы по сомнительным долгам
63;6310;6310;Резервы по сомнительным долгам;Резервы по сомнительным долгам
66;0000;0;Расчеты по краткосрочным кредитам и займам;Расчеты по краткосрочным кредитам и займам
66;6611;6611;Кредит СБ РФ дог№1131 от150808;Кредит СБ РФ дог№1131 от150808
66;6620;6620;Проценты за кредиты по банкам;Проценты за кредиты по банкам
66;6621;6621;Пр. по Кр. дог №1131 от 150808;Пр. по Кр. дог №1131 от 150808
66;6612;6612;Кредит СБ РФ дог№1148 от171108;Кредит СБ РФ дог№1148 от171108
66;6622;6622;Пр. по Кр. дог №1148 от 171108;Пр. по Кр. дог №1148 от 171108
66;6617;6617;Кредит ЗАО КБ Газпромбанк;Кредит ЗАО КБ Газпромбанк
66;6627;6627;Пр.по Кр ЗАО КБ Газпромбанк;Пр.по Кр ЗАО КБ Газпромбанк
66;6618;6618;Кредит в ОСБ № 8038 г.Балашиха;Кредит в ОСБ № 8038 г.Балашиха
66;6628;6628;Проценты за кредит дог.953;Проценты за кредит дог.953
66;6613;6613;кредит Газпромбанк дог.97/09-Б;кредит Газпромбанк дог.97/09-Б
66;6623;6623;пр.по кр ГПБ дог.97/09-Б;пр.по кр ГПБ дог.97/09-Б
66;6614;6614;кредит Газпромбанк дог.66/08-Б;кредит Газпромбанк дог.66/08-Б
66;6624;6624;пр.по кр ГПБ дог.66/08-Б;пр.по кр ГПБ дог.66/08-Б
66;6615;6615;Кредит СБ РФ дог№1252 от280610;Кредит СБ РФ дог№1252 от280610
66;6625;6625;Пр. по Кр. дог №1252 от280610;Пр. по Кр. дог №1252 от280610
66;6616;6616;кр.Еврофинанс№КК/68.05-10;кр.Еврофинанс№КК/68.05-10
66;6626;6626;пр.по кр. №КК/68.05-10;пр.по кр. №КК/68.05-10
66;6619;6619;кр.ОАО Газпромбанк №232/10-В;кр.ОАО Газпромбанк №232/10-В
66;6629;6629;пр.по Кр.Газпромбанк №232/10-В;пр.по Кр.Газпромбанк №232/10-В
67;6728;6728;Проценты за кредит дог.953;Проценты за кредит дог.953
67;0000;0;Расчеты по долгосрочным кредитам и займам;Расчеты по долгосрочным кредитам и займам
67;6710;6710;Кредиты и займы;Кредиты и займы
67;6711;6711;Кредит в ГПБ дог.66/08-B;Кредит в ГПБ дог.66/08-B
67;6712;6712;Кредит в ГПБ дог.97/09-B;Кредит в ГПБ дог.97/09-B
67;6713;6713;Кредит в ОСБ № 8038 г.Балашиха( рубл.);Кредит в ОСБ № 8038 г.Балашиха( рубл.)
67;6714;6714;Кредит в ОСБ № 8038 г.Балашиха( рубл.);Кредит в ОСБ № 8038 г.Балашиха( рубл.)
67;6715;6715;Кредит в ОСБ № 8038 г.Балашиха( рубл.);Кредит в ОСБ № 8038 г.Балашиха( рубл.)
67;6716;6716;Кредит в ОСБ № 8038 г.Балашиха( валютн);Кредит в ОСБ № 8038 г.Балашиха( валютн)
67;6717;6717;Кредит в ЗАО АБ Газпромбанк;Кредит в ЗАО АБ Газпромбанк
67;6718;6718;Кредит в ОСБ № 8038 г.Балашиха( валютн);Кредит в ОСБ № 8038 г.Балашиха( валютн)
67;6719;6719;Договор займа с Министерством финансов Р;Договор займа с Министерством финансов Р
67;6720;6720;Проценты за кредиты и займы;Проценты за кредиты и займы
67;6721;6721;Расчеты по долгосрочным кредитам и займа;Расчеты по долгосрочным кредитам и займа
67;6722;6722;проц.за Кр в ГПБ дог№ 97/09-В;проц.за Кр в ГПБ дог№ 97/09-В
67;6723;6723;Проценты за кредит в ОСБ № 8038 г. Балашиха ( руб;Проценты за кредит в ОСБ № 8038 г. Балашиха ( руб
67;6724;6724;Проценты за кредит в ОСБ № 8038 г. Балашиха ( руб;Проценты за кредит в ОСБ № 8038 г. Балашиха ( руб
67;6725;6725;Проценты за кредит в ОСБ № 8038 г. Балашиха ( вал;Проценты за кредит в ОСБ № 8038 г. Балашиха ( вал
67;6726;6726;Проценты за кредит дог.868;Проценты за кредит дог.868
67;6727;6727;Проценты за кредит в ГПБ;Проценты за кредит в ГПБ
67;6729;6729;Проценты по договору займа с Минфином РФ;Проценты по договору займа с Минфином РФ
68;6824;6824;Налог на доходы физических лиц в бюджет г.Северодвинска Арха;Налог на доходы физических лиц в бюджет г.Северодвинска Архангельской области
68;6825;6825;Налог на доходы физических лиц в бюджет г.Санкт-Петербург;Налог на доходы физических лиц в бюджет г.Санкт-Петербург
68;6859;6859;Налог на имущество в региональный бюджет (Архангельская обла;Налог на имущество в региональный бюджет (Архангельская область)
68;6817;6817;Расчеты по налогу на прибыль в региональный бюджет (Архангел;Расчеты по налогу на прибыль в региональный бюджет (Архангельская область)
68;0000;0;Расчеты по налогам и сборам;Расчеты по налогам и сборам
68;6810;6810;Расчеты по налогам и сборам;Расчеты по налогам и сборам
68;6811;6811;Расчеты по налогу на прибыль в федеральный бюджет;Расчеты по налогу на прибыль в федеральный бюджет
68;6812;6812;Расчеты по налогу на прибыль в региональный бюджет (Московск;Расчеты по налогу на прибыль в региональный бюджет (Московская область)
68;6813;6813;Расчеты по налогу на прибыль в региональный бюджет (Владимир;Расчеты по налогу на прибыль в региональный бюджет (Владимирская область)
68;6814;6814;Расчеты по налогу на прибыль в региональный бюджет (Оренбург;Расчеты по налогу на прибыль в региональный бюджет (Оренбургская область)
68;6815;6815;Расчеты по налогу на прибыль в региональный бюджет (Пермский;Расчеты по налогу на прибыль в региональный бюджет (Пермский край)
68;6816;6816;Расчеты по налогу на прибыль в региональный бюджет (г.Санкт-;Расчеты по налогу на прибыль в региональный бюджет (г.Санкт-Петербург)
68;6818;6818;Расчеты по налогу на прибыль в региональный бюджет (Краснода;Расчеты по налогу на прибыль в региональный бюджет (Краснодарский край)
68;6819;6819;Расчеты по налогу на прибыль в региональный бюджет (г.Байкон;Расчеты по налогу на прибыль в региональный бюджет (г.Байконур)
68;6820;6820;Налог на доходы физических лиц;Налог на доходы физических лиц
68;6821;6821;Налог на доходы физических лиц 13%;Налог на доходы физических лиц 13%
68;6822;6822;Налог на доходы физических лиц 30 %;Налог на доходы физических лиц 30 %
68;6823;6823;Налог на доходы физических лиц 35%;Налог на доходы физических лиц 35%
68;6830;6830;Расчеты по НДС;Расчеты по НДС
68;6831;6831;Расчеты  с бюджетом по НДС по товарам, работам (услугам);Расчеты  с бюджетом по НДС по товарам, работам (услугам)
68;6832;6832;Начисленный НДС для расчетов с бюджетом по полученным аванса;Начисленный НДС для расчетов с бюджетом по полученным авансам на выполнение работ
68;6833;6833;Начисленный НДС для расчетов  с бюджетом по полученной предв;Начисленный НДС для расчетов  с бюджетом по полученной предварительной оплате за тепло, электроэнергию и услуги, ТМЦ
68;6834;6834;НДС с частичных оплат в счет предстоящих поставок товаров (р;НДС с частичных оплат в счет предстоящих поставок товаров (работ, услуг), подлежащих вычету
68;6835;6835;Начисленный  НДС для расчетов с бюджетом по полученной предв;Начисленный  НДС для расчетов с бюджетом по полученной предварительной оплате за основные средства и инвентарь
68;6836;6836;НДС, начисленный по договорам, по которым предполагается ста;"НДС, начисленный по договорам, по которым предполагается ставка ""О%"""
68;6837;6837;НДС, предъявленный к возмещению из бюджета по налоговым декл;"НДС, предъявленный к возмещению из бюджета по налоговым декларациям по НДС по ставке ""О%"""
68;6838;6838;Расчеты по налогам и сборам;Расчеты по налогам и сборам
68;6839;6839;Расчеты с бюджетом по НДС в качестве налогового агента;Расчеты с бюджетом по НДС в качестве налогового агента
68;6840;6840;Расчеты по налогам и сборам за природные ресурсы;Расчеты по налогам и сборам за природные ресурсы
68;6841;6841;Расчеты по налогам и сборам;Расчеты по налогам и сборам
68;6842;6842;Расчеты по налогам и сборам;Расчеты по налогам и сборам
68;6843;6843;Расчеты по плате за воду;Расчеты по плате за воду
68;6844;6844;Расчету по сбору за охрану окружающей среды;Расчету по сбору за охрану окружающей среды
68;6850;6850;Расчеты по региональным налогам и сборам;Расчеты по региональным налогам и сборам
68;6851;6851;Платежи за найм (гостиница);Платежи за найм (гостиница)
68;6852;6852;Земельный налог (бюджет г.Реутов);Земельный налог (бюджет г.Реутов)
68;6853;6853;"Земельный налог (бюджет с.п.Нагорный (ОК ""Киржач""))";"Земельный налог (бюджет с.п.Нагорный (ОК ""Киржач""))"
68;6854;6854;"Земельный налог (бюджет с.п.Федоскинское б/о ""Капустино""))";"Земельный налог (бюджет с.п.Федоскинское б/о ""Капустино""))"
68;6855;6855;Налог на имущество в региональный бюджет (Московская область;Налог на имущество в региональный бюджет (Московская область)
68;6856;6856;Налог на имущество в региональный бюджет (Краснодарский край;Налог на имущество в региональный бюджет (Краснодарский край)
68;6857;6857;Налог на имущество в региональный бюджет (Владимирская облас;Налог на имущество в региональный бюджет (Владимирская область)
68;6858;6858;"Земельный налог (бюджет г.Железнодорожного (СП ""Купавна""))";"Земельный налог (бюджет г.Железнодорожного (СП ""Купавна""))"
68;6860;6860;Расчету по налогам и сборам, поступающим в дорожные фонды;Расчету по налогам и сборам, поступающим в дорожные фонды
68;6861;6861;Расчеты по налогам и сборам;Расчеты по налогам и сборам
68;6862;6862;Расчеты по налогам и сборам;Расчеты по налогам и сборам
68;6863;6863;Транспортный налог;Транспортный налог
68;6870;6870;Расчеты по прочим налогам и сборам;Расчеты по прочим налогам и сборам
68;6880;6880;Расчеты по налогам и сборам;Расчеты по налогам и сборам
68;6890;6890;Формирование налога на прибыль (ПБУ 18/02);Формирование налога на прибыль (ПБУ 18/02)
68;6891;6891;Формирование налога на прибыль (ПБУ 18/02);Формирование налога на прибыль (ПБУ 18/02)
68;6892;6892;Расчеты по налогам и сборам             тельству;Расчеты по налогам и сборам             тельству
68;6893;6893;Расчеты по налогам и сборам;Расчеты по налогам и сборам
68;6894;6894;Расчеты по налогам и сборам             ельству;Расчеты по налогам и сборам             ельству
68;6895;6895;Расчеты по налогам и сборам;Расчеты по налогам и сборам
68;6899;6899;Расчеты по налогу на прибыль;Расчеты по налогу на прибыль
68;6826;6826;Налог на доходы физических лиц в бюджет г.Пермь;Налог на доходы физических лиц в бюджет г.Пермь
68;6827;6827;Налог на доходы физических лиц г.Орск;Налог на доходы физических лиц г.Орск
68;6864;6864;Расчеты по налогам и сборам;Расчеты по налогам и сборам
69;0000;0;Расчеты по социальному страхованию и обеспечению;Расчеты по социальному страхованию и обеспечению
69;6910;6910;Расчеты по социальному страхованию;Расчеты по социальному страхованию
69;6911;6911;Расчеты по социальному страхованию;Расчеты по социальному страхованию
69;6912;6912;Расчеты по средствам обязательного социального страхования о;Расчеты по средствам обязательного социального страхования от несчастных случаев на производстве и профессиональных заболеваний
69;6913;6913;Страховые взносы на обязательное социальное страхование;Страховые взносы на обязательное социальное страхование
69;6914;6914;Социальный налог, исчисленный в соответствии с законодательс;Социальный налог, исчисленный в соответствии с законодательством РК
69;6915;6915;Больничные листы, оплаченные в соответствии с законодательст;Больничные листы, оплаченные в соответствии с законодательством РК
69;6916;6916;Социальные отчисления в соответствии с законодательством РК;Социальные отчисления в соответствии с законодательством РК
69;6920;6920;Расчеты по пенсионному обеспечению;Расчеты по пенсионному обеспечению
69;6921;6921;Расчеты по страховым взносам на обязательное пенсионное стра;"Расчеты по страховым взносам на обязательное пенсионное страхование КБ ""Орион"""
69;6922;6922;Расчеты по страховым взносам на обязательное пенсионное стра;Расчеты по страховым взносам на обязательное пенсионное страхование, направленные на выплату страховой части трудовой пенсии
69;6923;6923;Расчеты по страховым взносам на обязательное пенсионное стра;Расчеты по страховым взносам на обязательное пенсионное страхование, направленные на выплату накопительной части трудовой пенсии
69;6926;6926;Пенсионный фонд в соответствии с законодательством РК;Пенсионный фонд в соответствии с законодательством РК
69;6930;6930;Расчеты по обязательному медицинскому страхованию;Расчеты по обязательному медицинскому страхованию
69;6931;6931;Страховые взносы на обязательное медицинское страхование КБ;"Страховые взносы на обязательное медицинское страхование КБ ""Орион"""
69;6932;6932;Страховые взносы на обязательное медицинское страхование КБ;"Страховые взносы на обязательное медицинское страхование КБ ""Орион"""
69;6924;6924;Страховые взносы на обязательное пенсионное страхование в РФ;Страховые взносы на обязательное пенсионное страхование в РФ, зачисляемые в ПФ РФ на выплату страховой части трудовой пенсии
69;6925;6925;Страховые взносы на обязательное пенсионное страхование в РФ;Страховые взносы на обязательное пенсионное страхование в РФ, зачисляемые в ПФ РФ на выплату накопительной части трудовой пенсии
69;6933;6933;Страховые взносы на обязательное медицинское страхование, за;Страховые взносы на обязательное медицинское страхование, зачисляемые в бюджет ФФОМС
69;6934;6934;Страховые взносы на обязательное медицинское страхование, за;Страховые взносы на обязательное медицинское страхование, зачисляемые в бюжет ТФОМС
69;6927;6927;Страховые взносы по дополнительному тарифу (пп.1 п.1 ст.27 Ф;Страховые взносы по дополнительному тарифу (пп.1 п.1 ст.27 ФЗ № 173 от 17.12.2001
69;6928;6928;Страховые взносы по дополнительному тарифу (пп.2-18 п.1 ст.2;Страховые взносы по дополнительному тарифу (пп.2-18 п.1 ст.27 ФЗ № 173 от 17.12.2001)
70;7020;7020;Перечисление зарплаты;Перечисление зарплаты
70;7021;7021;Перечисление на пластиковые VISA-карты;Перечисление на пластиковые VISA-карты
70;7022;7022;Перечисление на расчетные счета банков;Перечисление на расчетные счета банков
70;7023;7023;Перечисление почтой;Перечисление почтой
70;0000;0;Расчеты с персоналом по оплате труда;Расчеты с персоналом по оплате труда
70;7010;7010;Начисленная  заработная плата;Начисленная  заработная плата
70;7024;7024;Перечисления на пластиковые VISA цеху 22-29;Перечисления на пластиковые VISA цеху 22-29
71;7122;7122;Расчеты по суммам на хозяйственные нужды, выданные работника;Расчеты по суммам на хозяйственные нужды, выданные работникам Представительств в РК, в рублях
71;0000;0;Расчеты с подотчетными лицами;Расчеты с подотчетными лицами
71;7110;7110;Расчеты с подотчетными лицами за командировки;Расчеты с подотчетными лицами за командировки
71;7111;7111;Командировки по РФ и СНГ;Командировки по РФ и СНГ
71;7112;7112;Командировки работников Представительствв РК;Командировки работников Представительствв РК
71;7113;7113;Командировки в страны дальнего зарубежья;Командировки в страны дальнего зарубежья
71;7114;7114;Сверхнормативные командировочные расходы;Сверхнормативные командировочные расходы
71;7120;7120;Расчеты по подотчетным суммам на хозяйственные расходы;Расчеты по подотчетным суммам на хозяйственные расходы
71;7121;7121;Расчеты по подотчетным суммам на хозяйственные нужды предпри;Расчеты по подотчетным суммам на хозяйственные нужды предприятия
71;7123;7123;Расчеты на хозяйственные нужды, выданные работникам в РК, в;Расчеты на хозяйственные нужды, выданные работникам в РК, в валюте
73;0000;0;Расчеты с персоналом по прочим операциям;Расчеты с персоналом по прочим операциям
73;7310;7310;Расчеты по предоставленным ссудам;Расчеты по предоставленным ссудам
73;7320;7320;Расчеты по возмещению материального ущерба;Расчеты по возмещению материального ущерба
73;7330;7330;Прочие расчеты с персоналом;Прочие расчеты с персоналом
73;7331;7331;Алименты по исполнительным листам.;Алименты по исполнительным листам.
73;7332;7332;Почтовые сборы на пересылку алиментов;Почтовые сборы на пересылку алиментов
73;7333;7333;Расчеты с персоналом по прочим операциям;Расчеты с персоналом по прочим операциям
73;7334;7334;Профсоюзные взносы;Профсоюзные взносы
73;7335;7335;Расчеты с персоналом по прочим операциям;Расчеты с персоналом по прочим операциям
73;7340;7340;Расчеты с персоналом по договорам цесси и;Расчеты с персоналом по договорам цесси и
73;7341;7341;Перечисление на пластиковые VISA карты;Перечисление на пластиковые VISA карты
73;7342;7342;Перечисления на расчетные счета банков;Перечисления на расчетные счета банков
73;7343;7343;Перечисления почтой по адресам;Перечисления почтой по адресам
73;7350;7350;Расчеты с персоналом за путевки;Расчеты с персоналом за путевки
73;7360;7360;Расчеты с персоналом за социальные услуги;Расчеты с персоналом за социальные услуги
73;7344;7344;Расчеты по договорам цессии (рассрочка);Расчеты по договорам цессии (рассрочка)
73;7345;7345;Расчеты по договорам цессии (отсрочка);Расчеты по договорам цессии (отсрочка)
75;0000;0;Расчеты с учредителями;Расчеты с учредителями
75;7510;7510;Расчеты с собственником по выплате доходов;Расчеты с собственником по выплате доходов
75;7520;7520;Расчеты с собственником по увеличению  уставного капитала;Расчеты с собственником по увеличению  уставного капитала
75;7530;7530;ношений;ношений
75;7540;7540;Прочие расходы с собственником;Прочие расходы с собственником
76;7695;7695;Алименты по исполнительным листам;Алименты по исполнительным листам
76;7696;7696;Почтовые сборы на пересылку алиментов;Почтовые сборы на пересылку алиментов
76;7697;7697;Штрафы;Штрафы
76;7698;7698;Профсоюзные взносы;Профсоюзные взносы
76;7699;7699;Прочие;Прочие
76;0000;0;Расчеты с разными дебиторами и кредиторами;Расчеты с разными дебиторами и кредиторами
76;7610;7610;Расчеты по имущественному и личному страхованию;Расчеты по имущественному и личному страхованию
76;7620;7620;Расчеты по претензиям;Расчеты по претензиям
76;7621;7621;Пени, начисленные по выставленным счетам за коммунальные усл;Пени, начисленные по выставленным счетам за коммунальные услуги
76;7630;7630;Расчеты по причитающимся дивидендам и другим доходам;Расчеты по причитающимся дивидендам и другим доходам
76;7640;7640;Расчеты по депонированным суммам;Расчеты по депонированным суммам
76;7650;7650;Расчеты с прочими дебиторами и кредиторами;Расчеты с прочими дебиторами и кредиторами
76;7651;7651;Расчеты с прочими дебиторами;Расчеты с прочими дебиторами
76;7652;7652;расчеты с дебиторами в валюте;расчеты с дебиторами в валюте
76;7653;7653;Прочие расчеты;Прочие расчеты
76;7654;7654;Расчеты за авиабилеты;Расчеты за авиабилеты
76;7655;7655;Расчеты с комиссионерами;Расчеты с комиссионерами
76;7656;7656;Расчеты с банком по комиссионному вознаграждению при расчета;Расчеты с банком по комиссионному вознаграждению при расчетах платежными картами в соответствии с дог.№96 от 16.06.2008, заключенным с АК СБ РФ Балашихинского отделения № 8038
76;7657;7657;Расчеты с прочими дебиторами и кредиторами;Расчеты с прочими дебиторами и кредиторами
76;7658;7658;Расчеты кредиторами;Расчеты кредиторами
76;7659;7659;Расчеты с дебиторами и кредиторами путемпогашения взаимных т;Расчеты с дебиторами и кредиторами путемпогашения взаимных требований
76;7660;7660;Расчеты с бюджетом по НДС с авансов, уплаченных в счет предс;Расчеты с бюджетом по НДС с авансов, уплаченных в счет предстоящих поставок товаров(работ, услуг), подлежащий вычету
76;7661;7661;НДС с дебиторской задолженности по состоянию на 0;НДС с дебиторской задолженности по состоянию на 0
76;7662;7662;НДС с дебиторской задолженности по состоянию на 0;НДС с дебиторской задолженности по состоянию на 0
76;7663;7663;НДС  с дебиторской задолженности по состоянию на;НДС  с дебиторской задолженности по состоянию на
76;7664;7664;НДС  с дебиторской задолженности посостоянию на 0;НДС  с дебиторской задолженности посостоянию на 0
76;7665;7665;Обязательства банков по выдаче кредитов;Обязательства банков по выдаче кредитов
76;7669;7669;Расчеты с прочими дебиторами и кредиторами;Расчеты с прочими дебиторами и кредиторами
76;7670;7670;Расчеты за путевки;Расчеты за путевки
76;7680;7680;Перечисление заработной  платы  структурными подразделениям;Перечисление заработной  платы  структурными подразделениям сторонним организациям с отчислениями на социальное страхование
76;7683;7683;Расчеты с арендаторами;Расчеты с арендаторами
76;7690;7690;Взносы на социальные нужды;Взносы на социальные нужды
76;7666;7666;Расчеты с разными дебиторами и кредитора;Расчеты с разными дебиторами и кредитора
77;0000;0;Отложенные налоговые обязательства;Отложенные налоговые обязательства
77;7710;7710;Отложенные налоговые обязательства;Отложенные налоговые обязательства
77;7711;7711;Отложенные налоговые обязательства начисленные;Отложенные налоговые обязательства начисленные
77;7712;7712;ановленны;ановленны
79;7979;7979;"Расчеты с КБ ""Орион""";"Расчеты с КБ ""Орион"""
79;7915;7915;"Расчеты по выделенному имуществу с ДК ""Мир""";"Расчеты по выделенному имуществу с ДК ""Мир"""
79;0000;0;Внутрихозяйственные расчеты;Внутрихозяйственные расчеты
79;7910;7910;Расчеты по выделенному имуществу;Расчеты по выделенному имуществу
79;7911;7911;Внутрихозяйственные расчеты;Внутрихозяйственные расчеты
79;7912;7912;Внутрихозяйственные расчеты;Внутрихозяйственные расчеты
79;7913;7913;Расчеты с ГК;Расчеты с ГК
79;7914;7914;Расчеты с ОК «Киржач»;Расчеты с ОК «Киржач»
79;7920;7920;Расчеты по текущим операциям;Расчеты по текущим операциям
79;7921;7921;Расчеты с ДК «Мир»;Расчеты с ДК «Мир»
79;7922;7922;Расчеты с инструментальным цехом;Расчеты с инструментальным цехом
79;7924;7924;Расчеты  с с/п « Купавна»;Расчеты  с с/п « Купавна»
79;7925;7925;Расчеты с ОК « Киржач»;Расчеты с ОК « Киржач»
79;7926;7926;Расчеты с ВОХР;Расчеты с ВОХР
79;7927;7927;Расчеты с Комбинатом питания;Расчеты с Комбинатом питания
79;7928;7928;Расчеты с  б/о «Рассвет»;Расчеты с  б/о «Рассвет»
79;7929;7929;Расчеты с ГК;Расчеты с ГК
79;7930;7930;Расчеты по договору доверительного управления имуществом;Расчеты по договору доверительного управления имуществом
79;7940;7940;Расчеты по текущим операциям с комплексо;Расчеты по текущим операциям с комплексо
79;7950;7950;Расчеты по текущим операциям с Представительствами предприят;Расчеты по текущим операциям с Представительствами предприятия в РК
79;7951;7951;Расчеты с Представительством в г.Байконур;Расчеты с Представительством в г.Байконур
79;7952;7952;Расчеты с Представительством в г.Астана;Расчеты с Представительством в г.Астана
79;7954;7954;Расчеты с Представительством в г.Усть-Каменогорск;Расчеты с Представительством в г.Усть-Каменогорск
79;7960;7960;Расчеты по текущим операциям с КБ «Орион;Расчеты по текущим операциям с КБ «Орион
79;7970;7970;Расчеты со структурными подразделениями предприятия за выпол;Расчеты со структурными подразделениями предприятия за выполненные ими работы(услуги)
79;7971;7971;Расчеты с  б/о «Рассвет»;Расчеты с  б/о «Рассвет»
79;7972;7972;Внутрихозяйственные расчеты;Внутрихозяйственные расчеты
79;7973;7973;Расчеты  с с/п « Купавна»;Расчеты  с с/п « Купавна»
79;7974;7974;Расчеты с ДК «Мир»;Расчеты с ДК «Мир»
79;7975;7975;"Расчеты с ОК ""Киржач""";"Расчеты с ОК ""Киржач"""
79;7976;7976;Расчеты с инструментальным цехом;Расчеты с инструментальным цехом
79;7977;7977;Расчеты с   ГК;Расчеты с   ГК
79;7978;7978;Внутрихозяйственные расчеты;Внутрихозяйственные расчеты
79;7980;7980;Взаиморасчеты между структурными подразд;Взаиморасчеты между структурными подразд
79;7981;7981;Внутрихозяйственные расчеты;Внутрихозяйственные расчеты
79;7983;7983;Внутрихозяйственные расчеты;Внутрихозяйственные расчеты
79;7984;7984;Внутрихозяйственные расчеты;Внутрихозяйственные расчеты
79;7990;7990;Расчеты по текущим операциям с Представительствами предприят;Расчеты по текущим операциям с Представительствами предприятия в странах дальнего зарубежья
79;7991;7991;Представительство в ЮАР;Представительство в ЮАР
79;7923;7923;Внутрихозяйственные расчеты;Внутрихозяйственные расчеты
79;7953;7953;Расчеты с Представиельством в г.Жезказган;Расчеты с Представиельством в г.Жезказган
79;7982;7982;Внутрихозяйственные расчеты;Внутрихозяйственные расчеты
79;7916;7916;"Расчёты по выделенному имуществу с с/п  ""Купавна""";"Расчёты по выделенному имуществу с с/п  ""Купавна"""
79;7985;7985;Расчеты между ГК и с/п Купавна;Расчеты между ГК и с/п Купавна
80;0000;0;Уставный капитал;Уставный капитал
80;8010;8010;Уставный капитал;Уставный капитал
81;0000;0;Собственные акции(доли);Собственные акции(доли)
82;0000;0;Резервный капитал;Резервный капитал
82;8210;8210;резервный капитал;резервный капитал
83;0000;0;Добавочный капитал;Добавочный капитал
83;8310;8310;Прирост добавочного капитала;Прирост добавочного капитала
83;8311;8311;Прочий прирост;Прочий прирост
83;8312;8312;Добавочный капитал;Добавочный капитал
83;8313;8313;Добавочный капитал;Добавочный капитал
83;8320;8320;Добавочные капитал за счет дополнительного выпуска акций СП;"Добавочные капитал за счет дополнительного выпуска акций СП ""Брамос"""
83;8330;8330;Добавочный капитал за счет средств федерального бюджета на р;Добавочный капитал за счет средств федерального бюджета на реконструкцию и техническое перевооружение объектов предприятия
83;8340;8340;Эмиссионный доход при дополнительном выпуске собственных акц;Эмиссионный доход при дополнительном выпуске собственных акций
83;8350;8350;Прирост доб.кап. за сч.акц ВПК;Прирост доб.кап. за сч.акц ВПК
83;8361;8361;курсовые разницы,ЮАР;курсовые разницы,ЮАР
83;8362;8362;курсовые разницы,Жезказган;курсовые разницы,Жезказган
83;8363;8363;курсовые разницы,Астана;курсовые разницы,Астана
83;8364;8364;курсовые разницы,Усть-Кам;курсовые разницы,Усть-Кам
84;0000;0;Нераспределенная прибыль (непокрытый убыток);Нераспределенная прибыль (непокрытый убыток)
84;8410;8410;Нераспределенная прибыль(непокрытый убыток) отчетного года;Нераспределенная прибыль(непокрытый убыток) отчетного года
84;8420;8420;Нераспределенная прибыль(непокрытый убыток) прошлых лет, по;Нераспределенная прибыль(непокрытый убыток) прошлых лет, по которой общим собранием акционеров не принято решение о распределении
84;8430;8430;Нераспределенная прибыль(непокрытый убыток) прошлых лет, ост;Нераспределенная прибыль(непокрытый убыток) прошлых лет, оставленная акционером в распоряжении предприятия
84;8431;8431;прибыль прошлых лет, использованная на инновации;прибыль прошлых лет, использованная на инновации
84;8432;8432;Прибыль прошлых лет, использованная на капитальные вложения;Прибыль прошлых лет, использованная на капитальные вложения
86;0000;0;Целевое финансирование;Целевое финансирование
86;8610;8610;Целевое финансирование из федерального бюджета;Целевое финансирование из федерального бюджета
86;8611;8611;Целевое финансирование из Федерального Космического агентств;Целевое финансирование из Федерального Космического агентства
86;8612;8612;Целевое финансирование;Целевое финансирование
86;8613;8613;Прочие;Прочие
86;8620;8620;Целевое финансирование из местных и областных бюджетов;Целевое финансирование из местных и областных бюджетов
86;8621;8621;Целевое финансирование;Целевое финансирование
86;8622;8622;Целевое финансирование;Целевое финансирование
86;8623;8623;Целевое финансирование;Целевое финансирование
86;8624;8624;Целевое финансирование;Целевое финансирование
86;8625;8625;Прочие;Прочие
88;0000;0;Централизованный фонд для выплаты заработной платы;Централизованный фонд для выплаты заработной платы
88;8810;8810;Централизованный фонд для выплаты заработной плат;Централизованный фонд для выплаты заработной плат
90;0000;0;Продажи;Продажи
90;9011;9011;Выручка от реализации   услуг населению;Выручка от реализации   услуг населению
90;9012;9012;Выручка от реализации продукции, работ,услуг, облагаемых НДС;Выручка от реализации продукции, работ,услуг, облагаемых НДС
90;9013;9013;Выручка от реализации коммунальных услуг;Выручка от реализации коммунальных услуг
90;9014;9014;Выручка от продаж  ТМЦ;Выручка от продаж  ТМЦ
90;9015;9015;Выручка от реализации товаров Комбината питания;Выручка от реализации товаров Комбината питания
90;9016;9016;Продажи;Продажи
90;9017;9017;Выручка от реализации отходов ( лом драгоценных металлов, ме;Выручка от реализации отходов ( лом драгоценных металлов, металлолома)
90;9018;9018;Выручка от реализации продукции, работ,услуг, не облагаемых;Выручка от реализации продукции, работ,услуг, не облагаемых НДС и облагаемых НД С по ставке 0%
90;9019;9019;Продажи;Продажи
90;9021;9021;Себестоимость продаж услуг населению;Себестоимость продаж услуг населению
90;9022;9022;Себестоимость продаж продукции, работ,облагаемых НДС;Себестоимость продаж продукции, работ,облагаемых НДС
90;9023;9023;Себестоимость продаж коммунальных услуг;Себестоимость продаж коммунальных услуг
90;9024;9024;Себестоимость от продаж ТМЦ;Себестоимость от продаж ТМЦ
90;9025;9025;Себестоимость продаж товаров Комбината питания;Себестоимость продаж товаров Комбината питания
90;9026;9026;Продажи;Продажи
90;9027;9027;Себестоимость  продаж отходов (лома драгоценных металлов, ме;Себестоимость  продаж отходов (лома драгоценных металлов, металлолома)
90;9028;9028;Себестоимость продаж продукции, работ, услуг, не облагаемых;Себестоимость продаж продукции, работ, услуг, не облагаемых НДС и облагаемых НДС по ставке 0%
90;9029;9029;Продажи;Продажи
90;9031;9031;НДС, начисленный с выручки от реализации услуг населению;НДС, начисленный с выручки от реализации услуг населению
90;9032;9032;НДС, начисленный с выручки от реализации продукции, работ, у;НДС, начисленный с выручки от реализации продукции, работ, услуг
90;9033;9033;НДС, начисленный с выручки от реализации коммунальных услуг;НДС, начисленный с выручки от реализации коммунальных услуг
90;9034;9034;НДС,начисленный с выручки от продаж ТМЦ;НДС,начисленный с выручки от продаж ТМЦ
90;9035;9035;НДС,начисленный с выручки от реализации товаров Комбината пи;НДС,начисленный с выручки от реализации товаров Комбината питания
90;9036;9036;Продажи;Продажи
90;9037;9037;НДС, начисленный с выручки от реализации отходов(лома драгоц;НДС, начисленный с выручки от реализации отходов(лома драгоценных металлов, металлолома)
90;9038;9038;Продажи;Продажи
90;9040;9040;Акцизы;Акцизы
90;9050;9050;Экспортные пошлины;Экспортные пошлины
90;9060;9060;Продажи;Продажи
90;9070;9070;Продажи;Продажи
90;9080;9080;Продажи;Продажи
90;9090;9090;Прибыль(убыток) от продаж;Прибыль(убыток) от продаж
90;9091;9091;Прибыль(убыток)от реализации услуг населению;Прибыль(убыток)от реализации услуг населению
90;9092;9092;Прибыль(убыток)от реализации продукции, работ, услуг основно;Прибыль(убыток)от реализации продукции, работ, услуг основной деятельности
90;9093;9093;Прибыль(убыток)от реализации коммунальных услуг;Прибыль(убыток)от реализации коммунальных услуг
90;9094;9094;Прибыль(убыток)от реализации ТМЦ;Прибыль(убыток)от реализации ТМЦ
90;9095;9095;Прибыль(убыток)от реализации продукции Комбината питания;Прибыль(убыток)от реализации продукции Комбината питания
90;9096;9096;Продажи;Продажи
90;9097;9097;Прибыль(убыток)от реализации отходов(лома драгоценных металл;Прибыль(убыток)от реализации отходов(лома драгоценных металлов, металлолома)
90;9098;9098;Прибыль(убыток)от реализации продукции, работ, услуг, не обл;Прибыль(убыток)от реализации продукции, работ, услуг, не облагаемых НДС и облагаемых НДС по ставке 0%
90;9099;9099;Продажи;Продажи
91;0000;0;Прочие доходы и расходы;Прочие доходы и расходы
91;9110;9110;Прочие доходы;Прочие доходы
91;9111;9111;Прочие доходы от реализации основных средств и прочих аморти;Прочие доходы от реализации основных средств и прочих амортизируемых активов
91;9112;9112;Доходы от продажи иностранной валюты;Доходы от продажи иностранной валюты
91;9113;9113;Проценты к получению (к оплате) за пользование денежными сре;Проценты к получению (к оплате) за пользование денежными средствами, в т.ч. на счетах в кредитных организациях
91;9114;9114;Прочие операционные доходы;Прочие операционные доходы
91;9115;9115;Положительные  курсовые разницы;Положительные  курсовые разницы
91;9116;9116;Доходы прошлых лет(прошлых налоговых периодов), выявленные в;Доходы прошлых лет(прошлых налоговых периодов), выявленные в текущем отчетном периоде
91;9117;9117;Штрафы, пени, неустойки за нарушение условий договоров, полу;Штрафы, пени, неустойки за нарушение условий договоров, полученные или признанные к получению
91;9118;9118;Прочие  внереализационные доходы;Прочие  внереализационные доходы
91;9119;9119;Доходы, не учитываемые при определении налоговой базы по нал;Доходы, не учитываемые при определении налоговой базы по налогу на прибыль
91;9120;9120;Прочие расходы;Прочие расходы
91;9121;9121;Расходы, связанные с продажей, выбытием и прочим списанием о;Расходы, связанные с продажей, выбытием и прочим списанием основных средств и прочих амортзируемых активов
91;9122;9122;Расходы, связанные с продажей иностранной валюты;Расходы, связанные с продажей иностранной валюты
91;9123;9123;Проценты, учитываемые за предоставление в пользование денежн;Проценты, учитываемые за предоставление в пользование денежных средств(кредитов, займов)
91;9124;9124;Прочие  операционные расходы;Прочие  операционные расходы
91;9125;9125;Отрицательные  курсовые разницы;Отрицательные  курсовые разницы
91;9126;9126;Убытки прошлых лет(прошлых налоговых периодов),выявленные в;Убытки прошлых лет(прошлых налоговых периодов),выявленные в текущем отчетном периоде
91;9127;9127;Себестоимость прошлых лет, выявленная  в отчетном периоде;Себестоимость прошлых лет, выявленная  в отчетном периоде
91;9128;9128;Прочие  внереализационные расходы;Прочие  внереализационные расходы
91;9129;9129;Расходы, не учитываемые в целях налогообложения прибыли в со;Расходы, не учитываемые в целях налогообложения прибыли в соответствии со ст.270 НК РФ
91;9130;9130;НДС;НДС
91;9131;9131;НДС, начисленный с выручки от реализации основных средств и;НДС, начисленный с выручки от реализации основных средств и прочих амортизируемых активов
91;9132;9132;Прочие доходы и расходы;Прочие доходы и расходы
91;9133;9133;Прочие доходы и расходы;Прочие доходы и расходы
91;9134;9134;НДС,начисленный с выручки от прочих операционных доходов;НДС,начисленный с выручки от прочих операционных доходов
91;9135;9135;Прочие доходы и расходы;Прочие доходы и расходы
91;9136;9136;НДС, начисленный с выручки прошлых лет(прошлых налоговых пер;НДС, начисленный с выручки прошлых лет(прошлых налоговых периодов), выявленной в отчетном периоде
91;9137;9137;НДС, начисленный с сумм пени, штрафов, неустойки за нарушени;НДС, начисленный с сумм пени, штрафов, неустойки за нарушение условий договоров, полученных или признанных к получению
91;9138;9138;НДС, начисленный с выручки от прочих внереализационных доход;НДС, начисленный с выручки от прочих внереализационных доходов
91;9140;9140;Расходы по смете содержания МВТУ;Расходы по смете содержания МВТУ
91;9150;9150;Прочие доходы и расходы;Прочие доходы и расходы
91;9160;9160;Социальные расходы в подразделениях;Социальные расходы в подразделениях
91;9170;9170;Прочие доходы и расходы;Прочие доходы и расходы
91;9180;9180;Прочие доходы и расходы;Прочие доходы и расходы
91;9190;9190;Сальдо прочих доходов и расходов;Сальдо прочих доходов и расходов
91;9191;9191;Сальдо от реализации, списании и выбытия основных средств и;Сальдо от реализации, списании и выбытия основных средств и прочих амортизируемых активов
91;9192;9192;Сальдо доходов и расходов при продаже иностранной валюты;Сальдо доходов и расходов при продаже иностранной валюты
91;9193;9193;Сальдо процентов к получению(к оплате) за пользование денежн;Сальдо процентов к получению(к оплате) за пользование денежными средствами, в т.ч. на расчётных счетах
91;9194;9194;Сальдо прочих операционных доходов и расходов;Сальдо прочих операционных доходов и расходов
91;9195;9195;Сальдо по курсовым разницам;Сальдо по курсовым разницам
91;9196;9196;Сальдо прочих доходов и расходов прошлыхлет;Сальдо прочих доходов и расходов прошлыхлет
91;9197;9197;Прочие доходы и расходы;Прочие доходы и расходы
91;9198;9198;Сальдо прочих  внереализационных доходов и расходов;Сальдо прочих  внереализационных доходов и расходов
94;0000;0;Недостачи и потери от порчи ценностей;Недостачи и потери от порчи ценностей
94;9410;9410;Недостачи и потери от порчи ценностей;Недостачи и потери от порчи ценностей
94;9411;9411;Недостачи ценностей сверх величин или норм естественной убыл;Недостачи ценностей сверх величин или норм естественной убыли с возмещением с поставщика и виновных лиц по решениям суда
94;9412;9412;Недостачи ценностей сверх величин или норм естественной убыл;Недостачи ценностей сверх величин или норм естественной убыли при отсутствии виновных лиц, а также недостач ТМЦ во взыскании,которых отказано судом вследствие необоснованных исков
94;9413;9413;Недостачи в пределах предусмотренных в договоре величин или;Недостачи в пределах предусмотренных в договоре величин или в пределах естественной убыли
94;9420;9420;Недостачи и потери, выявленные при инвентаризации;Недостачи и потери, выявленные при инвентаризации
94;9421;9421;Недостачи и потери, выявленные при инвентаризации ОС;Недостачи и потери, выявленные при инвентаризации ОС
94;9422;9422;Недостачи и потери, выявленные при инвентаризации ТМЦ;Недостачи и потери, выявленные при инвентаризации ТМЦ
96;0000;0;Резервы предстоящих расходов;Резервы предстоящих расходов
96;9610;9610;Оценочные обязательства по предстоящей оплате отпусков;Оценочные обязательства по предстоящей оплате отпусков
96;9620;9620;Оценочные обязательства по предстоящей оплате за выслугу лет;Оценочные обязательства по предстоящей оплате за выслугу лет
96;9612;9612;Оценочные обязательства по предстоящей оплате отпусков(страх;Оценочные обязательства по предстоящей оплате отпусков(страховые начисления)
96;9630;9630;Оценочные обязательства по гарантийному ремонт;Оценочные обязательства по гарантийному ремонт
96;9611;9611;Оценочные обязательства по предстоящей оплате отпусков (ФОТ);Оценочные обязательства по предстоящей оплате отпусков (ФОТ)
96;9621;9621;Оценочные обязательства по предстоящей оплате за выслугу лет;Оценочные обязательства по предстоящей оплате за выслугу лет(ФОТ)
96;9622;9622;Оценочные обязательства по предстоящей оплате за выслугу лет;Оценочные обязательства по предстоящей оплате за выслугу лет (страховые начисления)
97;0000;0;Расходы будущих периодов;Расходы будущих периодов
97;9710;9710;Лицензии;Лицензии
97;9720;9720;Подписка на СМИ;Подписка на СМИ
97;9730;9730;Страхование имущества;Страхование имущества
97;9740;9740;Банковские гарантии;Банковские гарантии
97;9750;9750;НДС по основным средствам;НДС по основным средствам
97;9760;9760;Программное обеспечение;Программное обеспечение
97;9770;9770;Расходы будущих периодов;Расходы будущих периодов
97;9790;9790;Проценты по договору займа с Минфином РФ;Проценты по договору займа с Минфином РФ
97;9791;9791;Капитализированные проценты по Доп.1 к договору займа с Мини;Капитализированные проценты по Доп.1 к договору займа с Министерством финансовРФ
97;9731;9731;Страхование сотрудников от несчастных случаев в Республике К;Страхование сотрудников от несчастных случаев в Республике Казахстан
98;0000;0;Доходы будущих периодов;Доходы будущих периодов
98;9810;9810;Доходы, полученные в счет будущих периодов;Доходы, полученные в счет будущих периодов
98;9820;9820;Безвозмездные поступления;Безвозмездные поступления
98;9821;9821;Материальные ценности,полученные на содержание и эксплуатаци;Материальные ценности,полученные на содержание и эксплуатацию Представительств в РК за счет средств целевого финансирования
98;9822;9822;Остаточная стоимость основных средств, приобретённых за счёт;Остаточная стоимость основных средств, приобретённых за счёт средств целевого финансирования из бюджета по содержанию стендовой базы
98;9823;9823;Доходы будущих периодов;Доходы будущих периодов
98;9824;9824;Доходы будущих периодов;Доходы будущих периодов
98;9825;9825;Остаточная стоимость основных средств, приобретённых Предста;Остаточная стоимость основных средств, приобретённых Представительствами в РК за счёт средств целевого финансирования
98;9826;9826;Прочие;Прочие
98;9827;9827;Доходы будущих периодов;Доходы будущих периодов
98;9828;9828;Остаточная стоимость ОС, приобретённых за счёт средств целев;Остаточная стоимость ОС, приобретённых за счёт средств целевого финансирования из бюджета на реконструкцию техперевооружение производственной и стендово-испытательной базы
98;9829;9829;Оплата ОС для нужд Представительств в РК за счёт средств цел;Оплата ОС для нужд Представительств в РК за счёт средств целевого финансирования
98;9830;9830;Доходы будущих периодов;Доходы будущих периодов
98;9840;9840;Доходы будущих периодов;Доходы будущих периодов
98;9850;9850;Доходы будущих периодов;Доходы будущих периодов
98;9851;9851;Доходы будущих периодов;Доходы будущих периодов
98;9852;9852;Прочие;Прочие
98;9853;9853;Поступления ОС из бюджета ФКА;Поступления ОС из бюджета ФКА
99;0000;0;Прибыли и убытки;Прибыли и убытки
99;9910;9910;Прибыли и убытки;Прибыли и убытки
99;9911;9911;Прибыль / убыток / от деятельности, облагаемой ЕН;Прибыль / убыток / от деятельности, облагаемой ЕН
99;9920;9920;Платежи в бюджет;Платежи в бюджет
99;9921;9921;Налог на прибыль-условный расход(доход);Налог на прибыль-условный расход(доход)
99;9922;9922;Налоговые санкции;Налоговые санкции
99;9923;9923;Налог на прибыль прошлых лет;Налог на прибыль прошлых лет
99;9925;9925;Налог на прибыль- постоянное налоговое обязательство(актив);Налог на прибыль- постоянное налоговое обязательство(актив)
99;9926;9926;Прибыли и убытки;Прибыли и убытки
99;9930;9930;Прибыли и убытки;Прибыли и убытки
99;9931;9931;Прибыли и убытки;Прибыли и убытки
999;3810;3810;ВОЗВРАТ ДМ НА СКЛАД;ВОЗВРАТ ДМ НА СКЛАД
999;3860;3860;ПРИХОД ДМ НА СКЛАД;ПРИХОД ДМ НА СКЛАД
999;3710;3710;ВОЗВРАТ ДМ НА СКЛАД;ВОЗВРАТ ДМ НА СКЛАД
999;0000;0;Забалансовые счета;Забалансовые счета
999;0001;1;Арендованные основные средства;Арендованные основные средства
999;0010;10;Арендованные основные средства;Арендованные основные средства
999;0002;2;ТМЦ, принятые на ответственное хранение;ТМЦ, принятые на ответственное хранение
999;0012;12;ТМЦ, принятые на ответственное хранение;ТМЦ, принятые на ответственное хранение
999;0004;4;Товары, прин. на комиссию;Товары, прин. на комиссию
999;0014;14;Товары, прин. на комиссию;Товары, прин. на комиссию
999;0006;6;бланки строгой отчетности;бланки строгой отчетности
999;0016;16;бланки строгой отчетности;бланки строгой отчетности
999;0008;8;обеспечение обязязательств и платежей полученные;обеспечение обязязательств и платежей полученные
999;0018;18;обеспеч обязательств и платежей полученные;обеспеч обязательств и платежей полученные
999;0019;19;Обеспечение обязательств и платежей выданные;Обеспечение обязательств и платежей выданные
999;0011;11;Забалансовые счета;Забалансовые счета
999;0021;21;Забалансовые счета;Забалансовые счета
999;0024;24;Износ жилых домов;Износ жилых домов
999;0034;34;Износ жилых домов;Износ жилых домов
999;0027;27;Объекты и имущество гражданской обороны;Объекты и имущество гражданской обороны
999;0037;37;Объекты и имущ гражданской обороны;Объекты и имущ гражданской обороны
999;0028;28;библиотечный фонд;библиотечный фонд
999;0038;38;библиотечный фонд;библиотечный фонд
999;0041;41;Специальное оборудование для выполнения работ по договорам с;Специальное оборудование для выполнения работ по договорам с государственными заказчиками
999;0091;91;Специальное оборудование для выполнения работ по договорам с;Специальное оборудование для выполнения работ по договорам с государственными заказчиками
999;0042;42;Покупные специальные приборы, аппаратура и прочее научное об;Покупные специальные приборы, аппаратура и прочее научное оборудование, выданное для проведения работ ЦЭРП
999;0092;92;Покупные специальные приборы, аппаратура и прочее научное об;Покупные специальные приборы, аппаратура и прочее научное оборудование, выданнон для проведения работ по ЦЭРП
999;0043;43;Имущество РК, принятое в эксплуатацию по ЦЭРП;Имущество РК, принятое в эксплуатацию по ЦЭРП
999;0093;93;Имущество РК, принятое в эксплуатацию по ЦЭРП;Имущество РК, принятое в эксплуатацию по ЦЭРП
999;0044;44;Забалансовые счета;Забалансовые счета
999;0094;94;Проект.док.прин.на отв.хран;Проект.док.прин.на отв.хран
999;0045;45;Покупные специальные приборы, аппаратура и прочее научное об;Покупные специальные приборы, аппаратура и прочее научное оборудование, выданное для проведения работ
999;0095;95;Покупные специальные приборы, аппаратура и прочее научное об;Покупные специальные приборы, аппаратура и прочее научное оборудование, выданное для проведения работ
999;0070;70;ДМ в бюро по сбору и сдаче ДМ;ДМ в бюро по сбору и сдаче ДМ
999;0080;80;ДМ в бюро по сбору и сдаче ДМ;ДМ в бюро по сбору и сдаче ДМ
999;0071;71;ДМ в тематич.оборуд(б/с0041);ДМ в тематич.оборуд(б/с0041)
999;0081;81;ДМ в тематич.оборуд(б/с0041);ДМ в тематич.оборуд(б/с0041)
999;0072;72;ДМ в тематич.оборуд(б/с0045);ДМ в тематич.оборуд(б/с0045)
999;0082;82;ДМ в тематич.оборуд(б/с0045);ДМ в тематич.оборуд(б/с0045)
999;0073;73;ДМ на базах;ДМ на базах
999;0083;83;ДМ на базах;ДМ на базах
999;0074;74;ДМ в кладовых подразделений;ДМ в кладовых подразделений
999;0084;84;ДМ в кладовых подразделений;ДМ в кладовых подразделений
999;0076;76;ДМ на центральных складах;ДМ на центральных складах
999;0086;86;ДМ на центральных складах;ДМ на центральных складах
999;0077;77;ДМ в основных средствах;ДМ в основных средствах
999;0087;87;ДМ в основных средствах;ДМ в основных средствах
999;0078;78;ДМ в малоценных предметах;ДМ в малоценных предметах
999;0088;88;ДМ в малоценных предметах;ДМ в малоценных предметах
999;0079;79;Забалансовые счета;Забалансовые счета
999;0089;89;Забалансовые счета;Забалансовые счета
999;0090;90;ДМ на базах ЦЭРП;ДМ на базах ЦЭРП
999;0099;99;ДМ на базах ЦЭРП;ДМ на базах ЦЭРП
999;3760;3760;ПРИХОД ДМ НА СКЛАД;ПРИХОД ДМ НА СКЛАД
999;0046;46;Комплектующие изделия контрагентов, переданные на сторону в;Комплектующие изделия контрагентов, переданные на сторону в переработку
999;0096;96;Комплектующие изделия контрагентов, переданные на сторону в;Комплектующие изделия контрагентов, переданные на сторону в переработку
999;0003;3;Инвентарь в эксплуатации;Инвентарь в эксплуатации
999;0005;5;Спецодежда в эксплуатации;Спецодежда в эксплуатации
999;0013;13;Инвентарь в эксплуатации;Инвентарь в эксплуатации
999;0015;15;Спецодежда в эксплуатации;Спецодежда в эксплуатации
999;0047;47;Собственное специальное оборудование и комплектующие, исполь;Собственное специальное оборудование и комплектующие, используемые для производства продукции
999;0097;97;Собственное специальное оборудование и комплектующие, исполь;Собственное специальное оборудование и комплектующие, используемые для производства продукции
999;0075;75;ДМ в собств специальном оборудовании и комплектующих, исполь;ДМ в собств специальном оборудовании и комплектующих, используемых для производства продукции
999;0085;85;ДМ в собственном специальном оборудовании и комплектующих, и;ДМ в собственном специальном оборудовании и комплектующих, используемых для производства продукции
999;0031;31;Инструмент в эксплуатации;Инструмент в эксплуатации
999;0032;32;Инструмент в эксплуатации;Инструмент в эксплуатации
999;0035;35;спец.оснастка в эксплуатации;спец.оснастка в эксплуатации
999;0036;36;спец.оснастка в эксплуатации;спец.оснастка в эксплуатации
999;0048;48;Специальное вспомогательное оборудование, используемое при п;Специальное вспомогательное оборудование, используемое при проведение работ на предприятиях корпорации
999;0098;98;Специальное вспомогательное оборудование, используемое при п;Специальное вспомогательное оборудование, используемое при проведении работ на предприятиях корпорации
999;0007;7;Инвентарь ЦЭРП в эксплуатации;Инвентарь ЦЭРП в эксплуатации
999;0017;17;Инвентарь ЦЭРП в эксплуатации;Инвентарь ЦЭРП в эксплуатации
999;0050;50;ДМ на объектах ГО и ЧС;ДМ на объектах ГО и ЧС
999;0060;60;ДМ на объектах ГО и ЧС;ДМ на объектах ГО и ЧС
999;0009;9;Обеспечение обязательств и платежей выданные;Обеспечение обязательств и платежей выданные
999;0020;20;залоговые обязательства;залоговые обязательства
999;0029;29;залоговые обязательства;залоговые обязательства
